Dönem,Borsa Kodu,Şirket Ünvanı,Halka Arz Şekli,Halka Arz Oranı (%),Halka Arz Fiyatı (TL),Ortak Satış Tutarı (Bin TL),Nakit Sermaye Artırım Tutarı (Bin TL),Satışa Hazır Bekletilen Pay Tutarı (Bin TL),Satışa Sunulan Nominal Toplam Tutar (Bin TL),Mevcut Sermaye (Bin TL),Yeni Sermaye (Bin TL),Satışa Sunulan Toplam Tutar (Piyasa Değeri Bin TL),Satışa Sunulan Toplam Tutar (Piyasa Değeri Bin ABD Doları),İlk İşlem Gördüğü Pazar,Halka Arza Aracılık Eden Kurum,Borsada İşlem Görme Tarihi,Sektör
2013 / 2,HLGYO,HALK GAYRİMENKUL YATIRIM ORTAKLIĞI A.Ş.,Sermaye Artırımı,28.0,1.35,0.0,185500.0,185500.0,185500.0,477000.0,662500.0,250425.0,103423.28,Kurumsal Ürünler Pazarı,Halk Yatırım Menkul Değerer A.Ş.,2013-02-22,GAYRİMENKUL YATIRIM ORTAKLIKLARI
2013 / 4,SRVGY,SERVET GAYRİMENKUL YATIRIM ORTAKLIĞI A.Ş.,Sermaye Artırımı ve Ortak Satışı,25.0,2.73,11000.0,2000.0,13000.0,13000.0,50000.0,52000.0,35490.0,7195.84,Kurumsal Ürünler Pazarı,Bizim Menkul Değerler A.Ş.,2013-04-24,GAYRİMENKUL YATIRIM ORTAKLIKLARI
2013 / 4,PGSUS,PEGASUS HAVA TAŞIMACILIĞI A.Ş.,Sermaye Artırımı ve Ortak Satışı,35.0,18.4,8022.0,27272.0,35294.0,35294.0,75000.0,102272.0,649409.6,19568.64,Ulusal Pazar,İş Yatırım Menkul Değerler A.Ş.,2013-04-26,ULAŞTIRMA VE DEPOLAMA
2013 / 5,ROYAL,ROYAL HALI İPLİK TEKSTİL MOBİLYA SANAYİ VE TİCARET A.Ş.,Sermaye Artırımı ve Ortak Satışı,28.75,4.45,7250.0,10000.0,17250.0,17250.0,50000.0,60000.0,76762.5,9597.2,Ulusal Pazar,Ak Yatırım Menkul Değerler A.Ş.,2013-05-03,"TEKSTİL, GİYİM EŞYASI VE DERİ"
2013 / 5,ODAS,ODAŞ ELEKTRİK ÜRETİM SANAYİ TİCARET A.Ş.,Sermaye Artırımı,28.57,5.0,0.0,12000.0,12000.0,12000.0,30000.0,42000.0,60000.0,6483.68,İkinci Ulusal Pazar,Bizim Menkul Değerler A.Ş.,2013-05-21,ELEKTRİK GAZ VE BUHAR
2013 / 5,PAGYO,PANORA GAYRİMENKUL YATIRIM ORTAKLIĞI A.Ş.,Ortak Satışı,25.0,4.7,21750.0,0.0,21750.0,21750.0,87000.0,87000.0,102225.0,11734.56,Kurumsal Ürünler Pazarı,Deniz Yatırım Menkul Kıymetler A.Ş.,2013-05-23,GAYRİMENKUL YATIRIM ORTAKLIKLARI
2013 / 6,AKPAZ,AKYÜREK TÜKETİM ÜRÜNLERİ PAZARLAMA DAĞITIM VE TİCARET A.Ş.,Sermaye Artırımı ve Ortak Satışı,35.8,2.6,3000.0,13500.0,16500.0,16500.0,32586.74,46086.74,42900.0,8732.01,Ulusal Pazar,"Bizim Menkul Değerler A.Ş., Vakıf menkul Değerler",2013-06-07,TOPTAN VE PERAKENDE TİCARET
2013 / 11,VERUS,VERUSA HOLDİNG A.Ş.,Sermaye Artırımı ve Ortak Satışı,35.0,11.3,2000.0,5000.0,7000.0,7000.0,15000.0,20000.0,79100.0,3464.32,İkinci Ulusal Pazar,Eti Yatırım A.Ş.,2013-11-19,HOLDİNGLER VE YATIRIM ŞİRKETLERİ
2013 / 12,SANEL,SAN EL MÜHENDİSLİK ELEKTRİK TAAHHÜT SANAYİ VE TİCARET A.Ş.,Sermaye Artırımı ve Ortak Satışı,28.7,3.98,300.0,3000.0,3300.0,3300.0,8500.0,11500.0,13134.0,1624.1,İkinci Ulusal Pazar,Piramit Menkul Kıymetler A.Ş.,2013-12-02,İNŞAAT VE BAYINDIRLIK İŞLERİ
2014 / 4,ARBUL,ARBUL ENTEGRE TEKSTİL İŞLETMELERİ A.Ş.,Sermaye Artırımı ve Ortak Satışı,37.04,2.0,3000.0,7000.0,10000.0,10000.0,20000.0,27000.0,20000.0,4683.62,İkinci Ulusal Pazar,A1 Capital Menkul Değerler A.Ş.,2014-04-28,"TEKSTİL, GİYİM EŞYASI VE DERİ"
2014 / 5,KRGYO,KÖRFEZ GAYRİMENKUL YATIRIM ORTAKLIĞI A.Ş.,Sermaye Artırımı,25.0,1.15,0.0,16500.0,16500.0,16500.0,49500.0,66000.0,18975.0,7868.38,Kurumsal Ürünler Pazarı,Gedik Yatırım Menkul Değerler A.Ş.,2014-05-06,GAYRİMENKUL YATIRIM ORTAKLIKLARI
2014 / 6,RTALB,RTA LABORATUVARLARI BİYOLOJİK ÜRÜNLER İLAÇ VE MAKİNE SANAYİ TİCARET A.Ş.,Sermaye Artırımı ve Ortak Satışı,33.9,13.0,900.0,1100.0,2000.0,2000.0,4800.0,5900.0,26000.0,952.47,İkinci Ulusal Pazar,A1 Capital Menkul Değerler A.Ş.,2014-06-02,KİMYA İLAÇ PETROL LASTİK VE PLASTİK ÜRÜNLER
2014 / 6,TUCLK,TUĞÇELİK ALÜMİNYUM VE METAL MAMÜLLERİ SANAYİ VE TİCARET A.Ş.,Sermaye Artırımı ve Ortak Satışı,23.33,4.0,2000.0,5000.0,7000.0,7000.0,25000.0,30000.0,28000.0,3268.89,İkinci Ulusal Pazar,A1 Capital Menkul Değerler A.Ş.,2014-06-16,ANA METAL SANAYİ
2014 / 6,LIDFA,LİDER FAKTORİNG A.Ş.,Ortak Satışı,15.0,3.0,4500.0,0.0,4500.0,4500.0,30000.0,30000.0,13500.0,2112.08,İkinci Ulusal Pazar,Tacirler Yatırım Menkul Değerler A.Ş.,2014-06-19,FİNANSAL KİRALAMA VE FAKTORİNG ŞİRKETLERİ
2014 / 11,PSDTC,PERGAMON STATUS DIŞ TİCARET A.Ş.,Sermaye Artırımı,32.89,7.5,0.0,1480.0,1480.0,1480.0,3020.0,4500.0,11100.0,654.26,İkinci Ulusal Pazar,A1 Capital Menkul Değerler A.Ş.,2014-11-12,TOPTAN TİCARET
2014 / 11,AGESA,AGESA HAYAT VE EMEKLİLİK A.Ş.,Ortak Satışı,19.67,47.0,7037.0,0.0,7037.0,7037.0,35779.2,35779.2,330755.36,3128.81,Ulusal Pazar,Ak Yatırım Menkul Değerler A.Ş.liderliğinde konsorsiyum,2014-11-13,SİGORTA ŞİRKETLERİ
2014 / 11,ULUUN,ULUSOY UN SANAYİ VE TİCARET A.Ş.,Sermaye Artırımı ve Ortak Satışı,27.81,3.15,4000.0,19500.0,23500.0,23500.0,65000.0,84500.0,74025.0,10511.25,Ulusal Pazar,Şeker Yatırım Menkul Değerler A.Ş. liderliğindeki konsorsiyum,2014-11-20,"GIDA, İÇECEK VE TÜTÜN"
2014 / 11,ULUSE,ULUSOY ELEKTRİK İMALAT TAAHHÜT VE TİCARET A.Ş.,Ortak Satışı,30.0,14.0,12000.0,0.0,12000.0,12000.0,40000.0,40000.0,168000.0,5391.32,Ulusal Pazar,İş Yatırım Menkul Değerler A.Ş. (İş Yatırım) liderliğindeki konsorsiyum,2014-11-21,METAL EŞYA MAKİNE ELEKTRİKLİ CİHAZLAR VE ULAŞIM ARAÇLARI
2015 / 2,HDFGS,HEDEF GİRİŞİM SERMAYESİ YATIRIM ORTAKLIĞI A.Ş.,Ortak Satışı,74.75,1.55,14950.0,0.0,14950.0,14950.0,20000.0,20000.0,23172.5,6179.22,Kurumsal Ürünler Pazarı,A1 Capital Menkul Değerler A.Ş.,2015-02-03,GİRİŞİM SERMAYESİ YATIRIM ORTAKLIKLARI
2015 / 3,GATEG,SENKRON SİBER GÜVENLİK YAZILIM VE BİLİŞİM ÇÖZÜMLERİ A.Ş.,Sermaye Artışı ve Ortak Satışı,40.0,5.25,1480.0,1200.0,2680.0,2680.0,5500.0,6700.0,14070.0,1052.84,İkinci Ulusal Pazar,A1 Capital Menkul Değerler A.Ş.,2015-03-04,YARATICI SANATLAR GÖSTERİ SANATLARI VE EĞLENCE FAALİYETLERİ
2015 / 5,BNTAS,BANTAŞ BANDIRMA AMBALAJ SANAYİ VE TİCARET A.Ş.,Sermaye artışı,39.5,2.4,0.0,8500.0,8500.0,8500.0,13000.0,21500.0,20400.0,3291.0,İkinci Ulusal Pazar,Gedik Yatırım Menkul Değerler A.Ş. Ve Piramit Menkul Kıymetler A.Ş.,2015-05-18,METAL EŞYA MAKİNE ELEKTRİKLİ CİHAZLAR VE ULAŞIM ARAÇLARI
2015 / 11,VERTU,VERUSATURK GİRİŞİM SERMAYESİ YATIRIM ORTAKLIĞI A.Ş.,Sermaye Artışı ve Ortak Satışı,42.31,2.36,7950.0,14050.0,22000.0,22000.0,37950.0,52000.0,51920.0,7646.59,Kurumsal Ürünler Pazarı,Meksa Yatırım Menkul Değerler A.Ş.,2015-11-17,GİRİŞİM SERMAYESİ YATIRIM ORTAKLIKLARI
2016 / 2,CUSAN,ÇUHADAROĞLU METAL SANAYİ VE PAZARLAMA A.Ş.,Sermaye Artışı ve Ortak Satışı,25.96,2.0,9250.0,9250.0,18500.0,18500.0,62000.0,71250.0,37000.0,6237.57,Ana Pazar,Deniz Yatırım Menkul Kıymetler A.Ş.,2016-02-18,ANA METAL SANAYİ
2016 / 5,VIAGO,VİA GAYRİMENKUL YATIRIM ORTAKLIĞI A.Ş.,Ortak Satışı,25.0,13.6,22500.0,0.0,22500.0,22500.0,90000.0,90000.0,306000.0,7581.88,Kolektif Yatırım Ürünleri ve Yapılandırılmış Ürünler Pazarı,Finans Yatırım Menkul Değerler A.Ş.,2016-05-11,GAYRİMENKUL YATIRIM ORTAKLIKLARI
2017 / 1,MSGYO,MİSTRAL GAYRİMENKUL YATIRIM ORTAKLIĞI A.Ş.,Ortak satışı,25.0,5.5,9750.0,0.0,9750.0,9750.0,39000.0,39000.0,53625.0,2565.18,Kolektif Yatırım Ürünleri ve Yapılandırılmış Ürünler Pazarı,TSKB Menkul Değerler A.Ş.,2017-01-19,GAYRİMENKUL YATIRIM ORTAKLIKLARI
2017 / 5,FONET,FONET BİLGİ TEKNOLOJİLERİ A.Ş.,"Sermaye Artırımı, Ortak satışı",41.7,3.5,2500.0,5000.0,7500.0,7500.0,13000.0,18000.0,26250.0,2113.15,Ana Pazar,Metro Yatırım Menkul Değerler A.Ş.,2017-05-04,BİLİŞİM
2017 / 6,MAVI,MAVİ GİYİM SANAYİ VE TİCARET A.Ş.,Ortak satışı,55.0,43.0,27311.0,0.0,27311.0,27311.0,49657.0,49657.0,1174388.05,7782.46,Yıldız Pazar,İş Yatırım Menkul Değerler A.Ş. Liderliğinde Konsorsiyum,2017-06-15,PERAKENDE TİCARET
2018 / 1,SAFKR,SAFKAR EGE SOĞUTMACILIK KLİMA SOĞUK HAVA TESİSLERİ İHRACAT İTHALAT SANAYİ VE TİCARET A.Ş.,Sermaye Artırımı,33.3,1.98,0.0,9000.0,9000.0,9000.0,18000.0,27000.0,17820.0,2354.85,Gelişen İşletmeler Pazarı,Meksa Yatırım Menkul Değerler A.Ş.,2018-01-16,METAL EŞYA MAKİNE ELEKTRİKLİ CİHAZLAR VE ULAŞIM ARAÇLARI
2018 / 1,TLMAN,TRABZON LİMAN İŞLETMECİLİĞİ A.Ş.,Ortak satışı,30.0,15.5,6300.0,0.0,6300.0,6300.0,21000.0,21000.0,97650.0,1674.42,Ana Pazar,Deniz Yatırım Menkul Değerler A.Ş. Liderliğinde Konsorsiyum,2018-01-24,ULAŞTIRMA VE DEPOLAMA
2018 / 2,ENJSA,ENERJİSA ENERJİ A.Ş.,Ortak satışı,19.99,6.25,236213.0,0.0,236213.0,236213.0,1181068.97,1181068.97,1476336.2,61929.89,Yıldız Pazar,AK Yatırım Menkul Değerler A.Ş. Liderliğinde Konsorsiyum,2018-02-08,ELEKTRİK GAZ VE BUHAR
2018 / 2,MPARK,MLP SAĞLIK HİZMETLERİ A.Ş.,Sermaye Artırımı/Ortak Satışı,35.01,19.0,47833.0,25000.0,72833.0,72833.0,176458.25,201458.25,1383833.33,19150.96,Yıldız Pazar,AK Yatırım Menkul Değerler A.Ş. Liderliğinde Konsorsiyum,2018-02-13,İNSAN SAĞLIĞI VE SOSYAL HİZMETLER
2018 / 2,PEKGY,PEKER GAYRİMENKUL YATIRIM ORTAKLIĞI A.Ş.,Ortak satışı,32.0,5.5,9600.0,0.0,9600.0,9600.0,30000.0,30000.0,52800.0,2532.11,Kolektif Yatırım Ürünleri ve Yapılandırılmış Ürünler Pazarı,Gedik Yatırım Menkul Değerler A.Ş.,2018-02-21,GAYRİMENKUL YATIRIM ORTAKLIKLARI
2018 / 2,TDGYO,TREND GAYRİMENKUL YATIRIM ORTAKLIĞI A.Ş.,Ortak satışı,25.0,1.52,7500.0,0.0,7500.0,7500.0,30000.0,30000.0,11400.0,1979.73,Kolektif Yatırım Ürünleri ve Yapılandırılmış Ürünler Pazarı,Yatırım Finansman Menkul Değerler A.Ş.,2018-02-23,GAYRİMENKUL YATIRIM ORTAKLIKLARI
2018 / 5,KFEIN,KAFEİN YAZILIM HİZMETLERİ TİCARET A.Ş.,Sermaye Artırımı,38.89,4.45,0.0,7000.0,7000.0,7000.0,11000.0,18000.0,31150.0,1567.33,Ana Pazar,Metro Yatırım Menkul Değerler A.Ş.,2018-05-16,BİLİŞİM
2018 / 5,SOKM,ŞOK MARKETLER TİCARET A.Ş.,Sermaye Artırımı,35.71,10.5,0.0,218500.0,218500.0,218500.0,360000.0,578500.0,2294250.0,48846.46,Yıldız Pazar,Garanti Yatırım Menkul Kıymetler A.Ş.,2018-05-18,PERAKENDE TİCARET
2018 / 5,FORMT,FORMET METAL VE CAM SANAYİ A.Ş.,Sermaye Artırımı/Ortak Satışı,42.23,7.33,1000.0,6518.0,7518.0,7518.0,10982.0,17500.0,55106.94,1639.23,Ana Pazar,Metro Yatırım Menkul Değerler A.Ş.,2018-05-22,METAL EŞYA MAKİNE ELEKTRİKLİ CİHAZLAR VE ULAŞIM ARAÇLARI
2019 / 5,SMART,SMARTİKS YAZILIM A.Ş.,Sermaye Artırımı/Ortak Satışı,43.3,2.42,4950.0,7500.0,12450.0,12450.0,21250.0,28750.0,30129.0,2071.31,Ana Pazar,Metro Yatırım Menkul Değerler A.Ş.,2019-05-16,BİLİŞİM
2019 / 5,CEOEM,CEO EVENT MEDYA A.Ş.,Sermaye Artırımı,36.17,4.8,0.0,6800.0,6800.0,6800.0,12000.0,18800.0,32640.0,1158.08,Ana Pazar,Gedik Yatırım Menkul Değerler A.Ş.,2019-05-31,"BÜRO YÖNETİMİ, BÜRO DESTEĞİ VE DİĞER ŞİRKET DESTEK FAALİYETLERİ"
2019 / 6,PAPIL,PAPİLON SAVUNMA TEKNOLOJİ VE TİCARET A.Ş.,Sermaye Artırımı/Ortak Satışı,23.08,4.4,5000.0,2500.0,7500.0,7500.0,30000.0,32500.0,33000.0,1290.86,Ana Pazar,Gedik Yatırım Menkul Değerler A.Ş.,2019-06-12,BİLİŞİM
2019 / 7,DERHL,DERLÜKS YATIRIM HOLDİNG A.Ş.,Sermaye Artırımı/Ortak Satışı,44.0,2.66,1000.0,10000.0,11000.0,11000.0,15000.0,25000.0,29260.0,1963.06,Ana Pazar,Meksa Yatırım Menkul Değerler A.Ş.,2019-07-04,HOLDİNGLER VE YATIRIM ŞİRKETLERİ
2019 / 8,NATEN,NATUREL YENİLENEBİLİR ENERJİ TİCARET A.Ş.,Sermaye Artırımı/Ortak Satışı,36.36,5.8,4000.0,8000.0,12000.0,12000.0,25000.0,33000.0,69600.0,2188.1,Ana Pazar,Metro Yatırım Menkul Değerler A.Ş.,2019-08-08,ELEKTRİK GAZ VE BUHAR
2019 / 11,YKSLN,YÜKSELEN ÇELİK A.Ş.,Sermaye Artırımı,29.44,5.4,0.0,12810.0,12810.0,12810.0,30500.0,43310.0,69174.0,2221.1,Ana Pazar,Gedik Yatırım Menkul Değerler A.Ş.,2019-11-14,ANA METAL SANAYİ
2020 / 2,ARDYZ,ARD GRUP BİLİŞİM TEKNOLOJİLERİ A.Ş.,Sermaye Artırımı/Ortak Satışı,34.09,5.3,3500.0,4000.0,7500.0,7500.0,18000.0,22000.0,39750.0,1252.27,Ana Pazar,Metro Yatırım Menkul Değerler A.Ş.,2020-02-06,BİLİŞİM
2020 / 6,BAYRK,BAYRAK EBT TABAN SANAYİ VE TİCARET A.Ş.,Sermaye Artırımı/Ortak Satışı,43.53,3.28,4000.0,5250.0,9250.0,9250.0,16000.0,21250.0,30340.0,1368.38,Ana Pazar,Metro Yatırım Menkul Değerler A.Ş.,2020-06-04,KİMYA İLAÇ PETROL LASTİK VE PLASTİK ÜRÜNLER
2020 / 8,FADE,FADE GIDA YATIRIM SANAYİ TİCARET A.Ş.,Sermaye Artırımı/Ortak Satışı,27.27,2.4,7000.0,11000.0,18000.0,18000.0,55000.0,66000.0,43200.0,2509.69,Ana Pazar,İnfo Yatırım Menkul Değerler A.Ş.,2020-08-06,"GIDA, İÇECEK VE TÜTÜN"
2020 / 9,DNISI,DİNAMİK ISI MAKİNA YALITIM MALZEMELERİ SANAYİ VE TİCARET A.Ş.,Sermaye Artırımı,35.22,3.52,0.0,8700.0,8700.0,8700.0,16000.0,24700.0,30624.0,1173.66,Ana Pazar,Gedik Yatırım Menkul Değerler A.Ş.,2020-09-03,KİMYA İLAÇ PETROL LASTİK VE PLASTİK ÜRÜNLER
2020 / 10,ESEN,ESENBOĞA ELEKTRİK ÜRETİM A.Ş.,Sermaye Artırımı,37.5,8.5,0.0,24000.0,24000.0,24000.0,40000.0,64000.0,204000.0,3029.73,Yıldız Pazar,Metro Yatırım Menkul Değerler A.Ş.,2020-10-09,ELEKTRİK GAZ VE BUHAR
2020 / 10,KONTR,KONTROLMATİK TEKNOLOJİ ENERJİ VE MÜHENDİSLİK A.Ş.,Sermaye Artırımı/Ortak Satışı,20.0,6.9,1000.0,6250.0,7250.0,7250.0,30000.0,36250.0,50025.0,918.65,Ana Pazar,Gedik Yatırım Menkul Değerler A.Ş.,2020-10-19,MİMARLIK VE MÜHENDİSLİK FAALİYETLERİ; TEKNİK MUAYENE VE ANALİZ
2020 / 12,KRVGD,KERVAN GIDA SANAYİ VE TİCARET A.Ş.,Sermaye Artırımı/Ortak Satışı,27.6,9.0,14250.0,37500.0,51750.0,51750.0,150000.0,187500.0,465750.0,6640.06,Yıldız Pazar,Oyak Yatırım Menkul Değerler A.Ş.,2020-12-04,"GIDA, İÇECEK VE TÜTÜN"
2020 / 12,ARZUM,ARZUM ELEKTRİKLİ EV ALETLERİ SANAYİ VE TİCARET A.Ş.,Ortak Satışı,47.5,17.0,15302.0,0.0,15302.0,15302.0,32210.0,32210.0,260141.58,2004.8,Yıldız Pazar,Yapı Kredi Yatırım Menkul Değerler A.Ş.,2020-12-24,TOPTAN TİCARET
2021 / 1,ISKPL,IŞIK PLASTİK SANAYİ VE DIŞ TİCARET PAZARLAMA A.Ş.,Sermaye artırımı ve ortak satışı,21.79,16.1,3224.0,8061.0,11286.0,11286.0,43741.0,51802.64,181709.32,1528.11,Ana Pazar,Garanti Yatırım Menkul Değerler A.Ş.,2021-01-28,KİMYA İLAÇ PETROL LASTİK VE PLASTİK ÜRÜNLER
2021 / 3,TRILC,TURK İLAÇ VE SERUM SANAYİ A.Ş.,Sermaye artırımı ve ortak satışı,30.43,10.0,13400.0,10050.0,23450.0,23450.0,67000.0,77050.0,234500.0,3117.07,Yıldız Pazar,Oyak Yatırım Menkul Değerler A.Ş.,2021-03-05,KİMYA İLAÇ PETROL LASTİK VE PLASTİK ÜRÜNLER
2021 / 4,NTGAZ,NATURELGAZ SANAYİ VE TİCARET A.Ş.,Sermaye artırımı ve ortak satışı,30.0,8.5,19518.0,14981.0,34500.0,34500.0,100018.59,115000.0,293250.0,4214.82,Yıldız Pazar,Vakıf Yatırım Menkul Değerler A.Ş.,2021-04-01,ELEKTRİK GAZ VE BUHAR
2021 / 4,MTRKS,MATRİKS BİLGİ DAĞITIM HİZMETLERİ A.Ş.,Ortak Satışı,38.05,28.0,7419.0,0.0,7419.0,7419.0,19500.0,19500.0,207759.44,909.32,Yıldız Pazar,Garanti Yatırım Menkul Kıymetler A.Ş.,2021-04-06,BİLİŞİM
2021 / 4,TUREX,TUREKS TURİZM TAŞIMACILIK A.Ş.,Sermaye artırımı ve ortak satışı,20.83,12.0,14500.0,8000.0,22500.0,22500.0,100000.0,108000.0,270000.0,2755.16,Ana Pazar,Oyak Yatırım Menkul Değerler A.Ş.,2021-04-08,ULAŞTIRMA VE DEPOLAMA
2021 / 4,QUAGR,QUA GRANITE HAYAL YAPI VE ÜRÜNLERİ SANAYİ TİCARET A.Ş.,Sermaye artırımı ve ortak satışı,20.0,16.46,9000.0,15000.0,24000.0,24000.0,105000.0,120000.0,395040.0,2943.7,Yıldız Pazar,İnfo Yatırım Menkul Değerler A.Ş.,2021-04-09,TAŞ VE TOPRAĞA DAYALI
2021 / 4,GWIND,GALATA WIND ENERJİ A.Ş.,Ortak Satışı,30.0,5.06,160437.0,0.0,160437.0,160437.0,534791.46,534791.46,811813.45,19366.39,Yıldız Pazar,Garanti Yatırım Menkul Değerler A.Ş.,2021-04-22,ELEKTRİK GAZ VE BUHAR
2021 / 4,BIOEN,BİOTREND ÇEVRE VE ENERJİ YATIRIMLARI A.Ş.,Sermaye artırımı ve ortak satışı,27.78,18.0,19666.0,22000.0,41666.0,41666.0,128000.0,150000.0,749999.99,5080.72,Yıldız Pazar,Deniz Yatırım Menkul Kıymetler A.Ş.,2021-04-28,ELEKTRİK GAZ VE BUHAR
2021 / 4,AYDEM,AYDEM YENİLENEBİLİR ENERJİ A.Ş.,Sermaye artırımı ve ortak satışı,18.44,9.9,125000.0,5000.0,130000.0,130000.0,700000.0,705000.0,1287000.0,15873.02,Yıldız Pazar,"Garanti Yatırım Menkul Kıymetler A.Ş., İş Yatırım Menkul Değerler A.Ş., Türkiye Kalkınma ve Yatırım Bankası A.Ş., Yapı Kredi Yatırım Menkul Değerler A.Ş., (Birlikte Konsorsiyum liderleri)",2021-04-29,ELEKTRİK GAZ VE BUHAR
2021 / 4,CANTE,ÇAN2 TERMİK A.Ş.,Sermaye artırımı ve ortak satışı,23.23,3.9,6759.0,67590.0,74349.0,74349.0,252410.0,320000.0,289961.1,9016.48,Yıldız Pazar,"Halk Yatırım Menkul Değerler A.Ş. , Vakıf Yatırım Menkul Değerler A.Ş.(Birlikte Konsorsiyum liderleri)",2021-04-30,ELEKTRİK GAZ VE BUHAR
2021 / 5,ZRGYO,ZİRAAT GAYRİMENKUL YATIRIM ORTAKLIĞI A.Ş.,Sermaye Artırımı,25.0,1.6,0.0,1173405.0,1173405.0,1173405.0,3520215.0,4693620.0,1877448.0,141015.61,Yıldız Pazar,Ziraat Yatırım Menkul Değerler A.Ş.,2021-05-06,GAYRİMENKUL YATIRIM ORTAKLIKLARI
2021 / 5,PENTA,PENTA TEKNOLOJİ ÜRÜNLERİ DAĞITIM TİCARET A.Ş.,Sermaye artırımı ve ortak satışı,42.03,32.0,6378.0,12000.0,18378.0,18378.0,31724.0,43724.0,588120.06,2197.83,Yıldız Pazar,İş Yatırım Menkul Değerler A.Ş.,2021-05-17,BİLİŞİM
2021 / 5,KLKIM,KALEKİM KİMYEVİ MADDELER SANAYİ VE TİCARET A.Ş.,Sermaye artırımı ve ortak satışı,29.92,14.75,19500.0,15000.0,34500.0,34500.0,85000.0,100000.0,508875.0,4135.15,Yıldız Pazar,Ak Yatırım Menkul Değerler A.Ş.,2021-05-18,TAŞ VE TOPRAĞA DAYALI
2021 / 5,MERCN,MERCAN KİMYA SANAYİ VE TİCARET A.Ş.,Sermaye Artırımı,29.09,8.81,0.0,18456.0,18456.0,18456.0,45000.0,63456.98,162606.01,2184.79,Ana Pazar,A1 Capital Yatırım Menkul Değerler A.Ş.,2021-05-27,KİMYA İLAÇ PETROL LASTİK VE PLASTİK ÜRÜNLER
2021 / 6,BOBET,BOĞAZİÇİ BETON SANAYİ VE TİCARET A.Ş.,Sermaye artırımı ve ortak satışı,30.0,3.5,14000.0,100000.0,114000.0,114000.0,280000.0,380000.0,399000.0,13196.43,Yıldız Pazar,Vakıf Yatırım Menkul Değerler A.Ş.,2021-06-03,TAŞ VE TOPRAĞA DAYALI
2021 / 6,ATATP,ATP YAZILIM VE TEKNOLOJİ A.Ş.,Sermaye Artırımı,20.0,24.0,0.0,7500.0,7500.0,7500.0,30000.0,37500.0,180000.0,862.31,Ana Pazar,İş Yatırım Menkul Değerler A.Ş.,2021-06-04,BİLİŞİM
2021 / 6,UNLU,ÜNLÜ YATIRIM HOLDİNG A.Ş.,Sermaye artırımı ve ortak satışı,26.02,6.9,8263.0,37269.0,45533.0,45533.0,137730.84,175000.0,314177.76,5272.71,Yıldız Pazar,Yapı Kredi Yatırım Menkul Değerler A.Ş.,2021-06-07,HOLDİNGLER VE YATIRIM ŞİRKETLERİ
2021 / 6,BMSCH,BMS ÇELİK HASIR SANAYİ VE TİCARET A.Ş.,Sermaye artırımı ve ortak satışı,48.12,4.87,3300.0,12200.0,15500.0,15500.0,20010.0,32210.0,75485.0,1801.36,Ana Pazar,Invest AZ Menkul Değerler,2021-06-08,ANA METAL SANAYİ
2021 / 6,OYYAT,OYAK YATIRIM MENKUL DEĞERLER A.Ş.,Sermaye artırımı ve ortak satışı,29.98,18.65,22530.0,5670.0,28200.0,28200.0,88330.0,94000.0,525930.0,3299.52,Yıldız Pazar,Oyak Yatırım Menkul Değerler A.Ş.,2021-06-10,ARACI KURUMLAR
2021 / 6,BASGZ,BAŞKENT DOĞALGAZ DAĞITIM GAYRİMENKUL YATIRIM ORTAKLIĞI A.Ş.,Ortak Satışı,25.0,9.72,175000.0,0.0,175000.0,175000.0,700000.0,700000.0,1701000.0,20908.75,Yıldız Pazar,Garanti Yatırım Menkul Kıymetler A.Ş.,2021-06-11,GAYRİMENKUL YATIRIM ORTAKLIKLARI
2021 / 6,SELVA,SELVA GIDA SANAYİ A.Ş.,Sermaye artırımı ve ortak satışı,33.3,3.06,13000.0,13000.0,26000.0,26000.0,65000.0,78000.0,79560.0,2990.98,Ana Pazar,Ahlatçı Yatırım Menkul Değerler A.Ş.,2021-06-25,"GIDA, İÇECEK VE TÜTÜN"
2021 / 7,MEDTR,MEDİTERA TIBBİ MALZEME SANAYİ VE TİCARET A.Ş.,Sermaye Artırımı,20.59,28.0,0.0,7000.0,7000.0,7000.0,27000.0,34000.0,196000.0,805.02,Ana Pazar,Gedik Yatırım Menkul Değerler A.Ş.,2021-07-02,KİMYA İLAÇ PETROL LASTİK VE PLASTİK ÜRÜNLER
2021 / 7,EDATA,E-DATA TEKNOLOJİ PAZARLAMA A.Ş.,Sermaye Artırımı,28.89,6.0,0.0,13000.0,13000.0,13000.0,32000.0,45000.0,78000.0,1497.59,Ana Pazar,A1 Capital Yatırım Menkul Değerler A.Ş.,2021-07-05,BİLİŞİM
2021 / 7,KTSKR,KÜTAHYA ŞEKER FABRİKASI A.Ş.,Ortak Satışı,20.36,21.0,9368.0,0.0,9368.0,9368.0,46000.0,46000.0,196744.38,1076.48,Ana Pazar,Tacirler Yatırım Menkul Değerler A.Ş.,2021-07-08,"GIDA, İÇECEK VE TÜTÜN"
2021 / 7,VBTYZ,VBT YAZILIM A.Ş.,Sermaye artırımı ve ortak satışı,30.77,12.48,2000.0,6000.0,8000.0,8000.0,20000.0,26000.0,99840.0,925.12,Ana Pazar,Metro Yatırım Menkul Değerler A.Ş.,2021-07-12,BİLİŞİM
2021 / 7,ESCAR,ESCAR FİLO KİRALAMA HİZMETLERİ A.Ş.,Sermaye artırımı ve ortak satışı,20.26,15.0,2180.0,8820.0,11000.0,11000.0,45480.0,54300.0,165000.0,1276.28,Ana Pazar,İnfo Yatırım Menkul Değerler A.Ş.,2021-07-13,KİRALAMA VE LEASING FAALİYETLERİ
2021 / 7,A1YEN,KARTAL YENİLENEBİLİR ENERJİ ÜRETİM A.Ş.,Sermaye artırımı ve ortak satışı,27.27,8.0,5000.0,10000.0,15000.0,15000.0,45000.0,55000.0,120000.0,1759.49,Ana Pazar,A1 Capital Yatırım Menkul Değerler A.Ş.,2021-07-16,ELEKTRİK GAZ VE BUHAR
2021 / 7,MANAS,MANAS ENERJİ YÖNETİMİ SANAYİ VE TİCARET A.Ş.,Sermaye artırımı,39.39,9.9,0.0,7800.0,7800.0,7800.0,12000.0,19800.0,77220.0,909.54,Ana Pazar,Tera Yatırım Menkul Değerler A.Ş.,2021-07-27,BİLİŞİM
2021 / 8,GENIL,GEN İLAÇ VE SAĞLIK ÜRÜNLERİ SANAYİ VE TİCARET A.Ş.,Sermaye artırımı ve ortak satışı,22.92,10.75,18750.0,50000.0,68750.0,68750.0,250000.0,300000.0,739062.5,8048.84,Yıldız Pazar,Oyak Yatırım Menkul Değerler A.Ş.,2021-08-05,TOPTAN TİCARET
2021 / 8,KZBGY,KIZILBÜK GAYRİMENKUL YATIRIM ORTAKLIĞI A.Ş.,Ortak Satışı,25.0,15.8,60000.0,0.0,60000.0,60000.0,240000.0,240000.0,948000.0,6986.74,Ana Pazar,"Halk Yatırım Menkul Değerler A.Ş. , Türkiye Kalkınma ve Yatırım Bankası A.Ş.",2021-08-12,GAYRİMENKUL YATIRIM ORTAKLIKLARI
2021 / 8,GESAN,GİRİŞİM ELEKTRİK SANAYİ TAAHHÜT VE TİCARET A.Ş.,Sermaye artırımı ve ortak satışı,23.48,17.0,12000.0,15000.0,27000.0,27000.0,100000.0,115000.0,459000.0,3166.64,Yıldız Pazar,Oyak Yatırım Menkul Değerler A.Ş.,2021-08-19,İNŞAAT VE BAYINDIRLIK İŞLERİ
2021 / 8,BRLSM,BİRLEŞİM MÜHENDİSLİK ISITMA SOĞUTMA HAVALANDIRMA SANAYİ VE TİCARET A.Ş.,Sermaye artırımı ve ortak satışı,38.23,9.1,17000.0,22000.0,39000.0,39000.0,80000.0,102000.0,354900.0,4566.37,Yıldız Pazar,QNB Finans Yatırım Menkul Değerler A.Ş.,2021-08-20,İNŞAAT VE BAYINDIRLIK İŞLERİ
2021 / 9,EGEPO,NASMED ÖZEL SAĞLIK HİZMETLERİ TİCARET A.Ş.,Sermaye artırımı,20.0,5.0,0.0,25000.0,25000.0,25000.0,100000.0,125000.0,125000.0,3011.14,Ana Pazar,Tacirler Yatırım Menkul Değerler A.Ş.,2021-09-01,İNSAN SAĞLIĞI VE SOSYAL HİZMETLER
2021 / 9,ORCAY,ORÇAY ORTAKÖY ÇAY SANAYİ VE TİCARET A.Ş.,Sermaye artırımı,39.09,9.9,0.0,8000.0,8000.0,8000.0,12465.0,20465.0,79200.0,966.39,Ana Pazar,Tera Yatırım Menkul Değerler A.Ş.,2021-09-02,"GIDA, İÇECEK VE TÜTÜN"
2021 / 9,YEOTK,YEO TEKNOLOJİ ENERJİ VE ENDÜSTRİ A.Ş.,Sermaye artırımı ve ortak Satışı,20.83,20.0,1000.0,4000.0,5000.0,5000.0,20000.0,24000.0,100000.0,601.69,Ana Pazar,Global Menkul Değerler A.Ş.,2021-09-03,MİMARLIK VE MÜHENDİSLİK FAALİYETLERİ; TEKNİK MUAYENE VE ANALİZ
2021 / 9,TEZOL,EUROPAP TEZOL KAĞIT SANAYİ VE TİCARET A.Ş.,Ortak Satışı,24.0,13.87,24000.0,0.0,24000.0,24000.0,100000.0,100000.0,332880.0,2842.79,Yıldız Pazar,Deniz Yatırım Menkul Kıymetler A.Ş.,2021-09-15,KAĞIT VE KAĞIT ÜRÜNLERİ BASIM
2021 / 9,KIMMR,ERSAN ALIŞVERİŞ HİZMETLERİ VE GIDA SANAYİ TİCARET A.Ş.,Sermaye artırımı,27.08,3.5,0.0,65000.0,65000.0,65000.0,175000.0,240000.0,227500.0,7514.02,Ana Pazar,Tacirler Yatırım Menkul Değerler A.Ş.,2021-09-22,PERAKENDE TİCARET
2021 / 9,MAGEN,MARGÜN ENERJİ ÜRETİM SANAYİ VE TİCARET A.Ş.,Sermaye artırımı,24.39,8.3,0.0,100000.0,100000.0,100000.0,310000.0,410000.0,830000.0,11242.9,Yıldız Pazar,Metro Yatırım Menkul Değerler A.Ş.,2021-09-30,ELEKTRİK GAZ VE BUHAR
2021 / 10,ANGEN,ANATOLİA TANI VE BİYOTEKNOLOJİ ÜRÜNLERİ ARAŞTIRMA GELİŞTİRME SANAYİ VE TİCARET A.Ş.,Sermaye artırımı ve ortak Satışı,20.91,22.5,13000.0,10000.0,23000.0,23000.0,100000.0,110000.0,517500.0,2472.48,Yıldız Pazar,Ak Yatırım Menkul Değerler A.Ş.,2021-10-21,KİMYA İLAÇ PETROL LASTİK VE PLASTİK ÜRÜNLER
2021 / 10,GLCVY,GELECEK VARLIK YÖNETİMİ A.Ş.,Sermaye artırımı ve ortak Satışı,18.9,13.65,13200.0,13200.0,26400.0,26400.0,126500.0,139700.0,360360.0,2837.98,Yıldız Pazar,Garanti Yatırım Menkul Kıymetler A.Ş.,2021-10-21,VARLIK YÖNETİM ŞİRKETLERİ
2021 / 10,HEDEF,HEDEF HOLDİNG A.Ş.,Sermaye artırımı ve ortak Satışı,20.0,1.96,10000.0,50000.0,60000.0,60000.0,250000.0,300000.0,117600.0,6247.85,Ana Pazar,İnfo Yatırım Menkul Değerler A.Ş.,2021-10-22,HOLDİNGLER VE YATIRIM ŞİRKETLERİ
2021 / 11,IHAAS,İHLAS HABER AJANSI A.Ş.,Sermaye artırımı,34.38,4.6,0.0,22000.0,22000.0,22000.0,42000.0,64000.0,101200.0,2274.04,Ana Pazar,Tera Yatırım Menkul Değerler A.Ş.,2021-11-03,BİLGİ HİZMET FAALİYETLERİ
2021 / 11,ARASE,DOĞU ARAS ENERJİ YATIRIMLARI A.Ş.,Ortak Satışı,20.0,110.0,13400.0,0.0,13400.0,13400.0,67000.0,67000.0,1474000.0,1348.78,Yıldız Pazar,"Halk Yatırım Menkul Değerler A.Ş., Tacirler Yatırım Menkul Değerler A.Ş.",2021-11-11,ELEKTRİK GAZ VE BUHAR
2021 / 11,ULUFA,ULUSAL FAKTORİNG A.Ş.,Sermaye artırımı ve ortak Satışı,36.33,2.49,15000.0,33500.0,48500.0,48500.0,100000.0,133500.0,120765.0,4881.78,Ana Pazar,Osmanlı Yatırım Menkul Değerler A.Ş.,2021-11-11,FİNANSAL KİRALAMA VE FAKTORİNG ŞİRKETLERİ
2021 / 11,ELITE,ELİTE NATUREL ORGANİK GIDA SANAYİ VE TİCARET A.Ş.,Sermaye artırımı ve ortak Satışı,22.22,16.3,8000.0,4000.0,12000.0,12000.0,50000.0,54000.0,195600.0,1200.19,Ana Pazar,Halk Yatırım Menkul Değerler A.Ş.,2021-11-15,"GIDA, İÇECEK VE TÜTÜN"
2021 / 11,ISSEN,İŞBİR SENTETİK DOKUMA SANAYİ A.Ş.,Sermaye artırımı ve ortak Satışı,21.78,11.85,15520.0,15500.0,31020.0,31020.0,125965.99,141465.99,367587.0,2894.87,Yıldız Pazar,Garanti Yatırım Menkul Kıymetler A.Ş. liderliğinde 28 aracı kurum ile birlikte konsorsiyum,2021-11-18,"TEKSTİL, GİYİM EŞYASI VE DERİ"
2021 / 11,MIATK,MİA TEKNOLOJİ A.Ş.,Sermaye artırımı ve ortak Satışı,32.89,15.8,4500.0,8000.0,12500.0,12500.0,30000.0,38000.0,197500.0,1116.94,Ana Pazar,Metro Yatırım Menkul Değerler A.Ş.,2021-11-22,BİLİŞİM
2021 / 11,MOBTL,MOBİLTEL İLETİŞİM HİZMETLERİ SANAYİ VE TİCARET A.Ş.,Sermaye artırımı ve ortak Satışı,20.29,1.6,30000.0,178000.0,208000.0,208000.0,847000.0,1025000.0,332800.0,17302.05,Yıldız Pazar,İnfo Yatırım Menkul Değerler A.Ş.,2021-11-25,BİLİŞİM
2021 / 11,KONKA,KONYA KAĞIT SANAYİ VE TİCARET A.Ş.,Ortak Satışı,20.0,6.95,26000.0,0.0,26000.0,26000.0,130000.0,130000.0,180700.0,2148.69,Ana Pazar,Halk Yatırım Menkul Değerler A.Ş.,2021-11-26,KAĞIT VE KAĞIT ÜRÜNLERİ BASIM
2021 / 12,PCILT,PC İLETİŞİM VE MEDYA HİZMETLERİ SANAYİ TİCARET A.Ş.,Sermaye artırımı ve ortak Satışı,25.53,9.5,1540.0,9950.0,11490.0,11490.0,35050.0,45000.0,109161.26,860.01,Ana Pazar,Global Yatırım Menkul Değerler A.Ş.,2021-12-01,REKLAMCILIK VE PAZAR ARAŞTIRMASI
2021 / 12,RNPOL,RAİNBOW POLİKARBONAT SANAYİ TİCARET A.Ş.,Sermaye artırımı ve ortak Satışı,40.0,9.9,2000.0,10000.0,12000.0,12000.0,20000.0,30000.0,118800.0,869.64,Ana Pazar,İnfo Yatırım Menkul Değerler A.Ş.,2021-12-06,KİMYA İLAÇ PETROL LASTİK VE PLASTİK ÜRÜNLER
2021 / 12,PSGYO,PASİFİK GAYRİMENKUL YATIRIM ORTAKLIĞI A.Ş.,Sermaye artırımı,25.23,16.38,0.0,67500.0,67500.0,67500.0,200000.0,267500.0,1105650.0,4429.37,Yıldız Pazar,Tera Yatırım Menkul Değerler A.Ş.,2021-12-16,GAYRİMENKUL YATIRIM ORTAKLIKLARI
2022 / 2,PNLSN,PANELSAN ÇATI CEPHE SİSTEMLERİ SANAYİ VE TİCARET A.Ş.,Sermaye artırımı ve ortak satışı,28.0,10.2,3500.0,17500.0,21000.0,21000.0,57500.0,75000.0,214200.0,1540.01,Ana Pazar,Gedik Yatırım Menkul Değerler A.Ş.,2022-02-18,ANA METAL SANAYİ
2022 / 2,HUNER,HUN YENİLENEBİLİR ENERJİ ÜRETİM A.Ş.,Sermaye artırımı ve ortak satışı,28.0,1.82,50000.0,80000.0,130000.0,130000.0,500000.0,580000.0,236600.0,9532.96,Ana Pazar,İnfo Yatırım Menkul Değerler A.Ş.,2022-02-21,ELEKTRİK GAZ VE BUHAR
2022 / 2,DAPGM,DAP GAYRİMENKUL GELİŞTİRME A.Ş.,Ortak Satışı,15.01,18.5,30020.0,0.0,30020.0,30020.0,200000.0,200000.0,555370.0,2105.48,Yıldız Pazar,Garanti Yatırım Menkul Kıymetler A.Ş.,2022-02-24,İNŞAAT VE BAYINDIRLIK İŞLERİ
2022 / 3,INVES,INVESTCO HOLDİNG A.Ş.,Sermaye artırımı,20.0,24.0,0.0,37500.0,37500.0,37500.0,150000.0,187500.0,900000.0,2695.82,Yıldız Pazar,Metro Yatırım Menkul Kıymetler A.Ş.,2022-03-01,HOLDİNGLER VE YATIRIM ŞİRKETLERİ
2022 / 3,HTTBT,HİTİT BİLGİSAYAR HİZMETLERİ A.Ş.,Sermaye artırımı ve ortak satışı,27.6,12.25,7692.0,27500.0,35192.0,35192.0,100000.0,127500.0,431105.77,2489.28,Yıldız Pazar,Ünlü Menkul Değerler A.Ş.,2022-03-03,BİLİŞİM
2022 / 3,KLSYN,KOLEKSİYON MOBİLYA SANAYİ A.Ş.,Sermaye artırımı ve ortak satışı,24.99,1.45,13481.0,94373.0,107854.0,107854.0,337046.73,431419.82,156389.68,7594.23,Ana Pazar,Oyak Yatırım Menkul Değerler A.Ş.,2022-03-04,ORMAN ÜRÜNLERİ VE MOBİLYA
2022 / 3,GZNMI,GEZİNOMİ SEYAHAT TURİZM TİCARET A.Ş.,Sermaye artırımı,40.0,14.0,0.0,10000.0,10000.0,10000.0,15000.0,25000.0,140000.0,689.71,Ana Pazar,İnfo Yatırım Menkul Değerler A.Ş.,2022-03-08,"SEYAHAT ACENTESİ, TUR OPERATÖRÜ VE DİĞER REZERVASYON HİZMETLERİ İLE İLGİLİ FAALİYETLER"
2022 / 3,GRSEL,GÜR-SEL TURİZM TAŞIMACILIK VE SERVİS TİCARET A.Ş.,Sermaye artırımı ve ortak satışı,21.57,8.25,7000.0,15000.0,22000.0,22000.0,87000.0,102000.0,181500.0,1503.51,Ana Pazar,İnfo Yatırım Menkul Değerler A.Ş.,2022-03-09,ULAŞTIRMA VE DEPOLAMA
2022 / 3,ENSRI,ENSARİ DERİ GIDA SANAYİ VE TİCARET A.Ş.,Sermaye artırımı ve ortak satışı,23.29,14.0,2000.0,6500.0,8500.0,8500.0,30000.0,36500.0,119000.0,573.13,Ana Pazar,Metro Yatırım Menkul Kıymetler A.Ş.,2022-03-22,"TEKSTİL, GİYİM EŞYASI VE DERİ"
2022 / 3,SMRTG,SMART GÜNEŞ ENERJİSİ TEKNOLOJİLERİ ARAŞTIRMA GELİŞTİRME ÜRETİM SANAYİ VE TİCARET A.Ş.,Sermaye artırımı ve ortak satışı,24.97,14.0,12708.0,25500.0,38208.0,38208.0,127500.0,153000.0,534912.0,2572.91,Yıldız Pazar,QNB Finans Yatırım Menkul Değerler A.Ş. ve Türkiye Sınai Kalkınma Bankası A.Ş. (Eş Lider),2022-03-24,ELEKTRİK GAZ VE BUHAR
2022 / 4,LIDER,LDR TURİZM A.Ş.,Sermaye artırımı ve ortak satışı,30.91,18.65,7400.0,13000.0,20400.0,20400.0,53000.0,66000.0,380460.0,1386.56,Yıldız Pazar,Tera Yatırım Menkul Değerler A.Ş.,2022-04-04,KİRALAMA VE LEASING FAALİYETLERİ
2022 / 4,CONSE,CONSUS ENERJİ İŞLETMECİLİĞİ VE HİZMETLERİ A.Ş.,Sermaye artırımı ve ortak satışı,24.91,4.5,63000.0,52500.0,115500.0,115500.0,333000.0,385500.0,519750.0,7873.85,Yıldız Pazar,Garanti Yatırım Menkul Kıymetler A.Ş.,2022-04-20,ELEKTRİK GAZ VE BUHAR
2022 / 4,SUWEN,SUWEN TEKSTİL SANAYİ PAZARLAMA A.Ş.,Sermaye artırımı ve ortak satışı,41.07,18.5,17000.0,6000.0,23000.0,23000.0,50000.0,56000.0,425500.0,1566.02,Yıldız Pazar,Türkiye Sınai Kalkınma Bankası A.Ş. ve Gedik Yatırım Menkul Değerler A.Ş.,2022-04-21,PERAKENDE TİCARET
2022 / 4,BMSTL,BMS BİRLEŞİK METAL SANAYİ VE TİCARET A.Ş.,Sermaye artırımı ve ortak satışı,29.77,17.5,4350.0,6525.0,10875.0,10875.0,30000.0,36525.0,190312.5,733.66,Ana Pazar,Garanti Yatırım Menkul Kıymetler A.Ş.,2022-04-27,ANA METAL SANAYİ
2022 / 4,KMPUR,KİMTEKS POLİÜRETAN SANAYİ VE TİCARET A.Ş.,Sermaye artırımı ve ortak satışı,27.15,29.0,21450.0,11550.0,33000.0,33000.0,110000.0,121550.0,957000.0,2228.77,Yıldız Pazar,Türkiye Sınai Kalkınma Bankası A.Ş.,2022-04-28,KİMYA İLAÇ PETROL LASTİK VE PLASTİK ÜRÜNLER
2022 / 4,IMASM,İMAŞ MAKİNA SANAYİ A.Ş.,Sermaye artırımı ve ortak satışı,37.84,15.0,7000.0,7000.0,14000.0,14000.0,30000.0,37000.0,210000.0,945.19,Ana Pazar,A1 Capital Yatırım Menkul Değerler A.Ş.,2022-04-29,METAL EŞYA MAKİNE ELEKTRİKLİ CİHAZLAR VE ULAŞIM ARAÇLARI
2022 / 5,SUNTK,SUN TEKSTİL SANAYİ VE TİCARET A.Ş.,Sermaye artırımı ve ortak satışı,20.71,26.0,12480.0,15600.0,28080.0,28080.0,120000.0,135600.0,730080.0,1760.1,Yıldız Pazar,QNB Finans Yatırım Menkul Değerler A.Ş.,2022-05-20,"TEKSTİL, GİYİM EŞYASI VE DERİ"
2022 / 5,YYLGD,YAYLA AGRO GIDA SANAYİ VE TİCARET A.Ş.,Sermaye artırımı ve ortak satışı,15.02,12.5,28400.0,42600.0,71000.0,71000.0,430000.0,472600.0,887500.0,4450.41,Yıldız Pazar,"Garanti Yatırım Menkul Kıymetler A.Ş., Yapı Kredi Yatırım Menkul Değerler A.Ş.",2022-05-20,"GIDA, İÇECEK VE TÜTÜN"
2022 / 6,SEGYO,ŞEKER GAYRİMENKUL YATIRIM ORTAKLIĞI A.Ş.,Sermaye Artırımı,25.0,1.1,0.0,203388.0,203388.0,203388.0,610166.46,813555.28,223727.7,12150.91,Ana Pazar,Şeker Yatırım Menkul Değerler A.Ş.,2022-06-07,GAYRİMENKUL YATIRIM ORTAKLIKLARI
2022 / 6,EUREN,EUROPEN ENDÜSTRİ İNŞAAT SANAYİ VE TİCARET A.Ş.,Sermaye Artırımı,20.01,16.25,0.0,33780.0,33780.0,33780.0,135000.0,168780.0,548925.0,1972.76,Yıldız Pazar,Garanti Yatırım Menkul Kıymetler A.Ş.,2022-06-08,KİMYA İLAÇ PETROL LASTİK VE PLASTİK ÜRÜNLER
2022 / 6,PRDGS,PARDUS GİRİŞİM SERMAYESİ YATIRIM ORTAKLIĞI A.Ş.,Sermaye artırımı ve ortak satışı,33.67,2.29,11000.0,55000.0,66000.0,66000.0,141000.0,196000.0,151140.0,3817.7,Ana Pazar,A1 Capital Yatırım Menkul Değerler A.Ş.,2022-06-15,GİRİŞİM SERMAYESİ YATIRIM ORTAKLIKLARI
2022 / 6,MAKIM,MAKİM MAKİNA TEKNOLOJİLERİ SANAYİ TİCARET A.Ş.,Ortak Satışı,32.14,8.8,18000.0,0.0,18000.0,18000.0,56000.0,56000.0,158400.0,1039.16,Ana Pazar,Halk Yatırım Menkul Kıymetler A.Ş.,2022-06-17,METAL EŞYA MAKİNE ELEKTRİKLİ CİHAZLAR VE ULAŞIM ARAÇLARI
2022 / 6,KCAER,KOCAER ÇELİK SANAYİ VE TİCARET A.Ş.,Sermaye artırımı ve ortak satışı,24.03,27.5,34600.0,21500.0,56100.0,56100.0,212000.0,233500.0,1542750.0,3361.01,Yıldız Pazar,QNB Finans Yatırım Menkul Değerler A.Ş.,2022-06-30,ANA METAL SANAYİ
2022 / 7,RUBNS,RUBENİS TEKSTİL SANAYİ TİCARET A.Ş.,Sermaye Artırımı,32.37,12.5,0.0,24500.0,24500.0,24500.0,50000.0,74500.0,306250.0,1423.36,Yıldız Pazar,Ahlatçı Yatırım Menkul Değerler A.Ş.,2022-07-06,"TEKSTİL, GİYİM EŞYASI VE DERİ"
2022 / 7,KLRHO,KİLER HOLDİNG A.Ş.,Ortak Satışı,15.0,7.1,97500.0,0.0,97500.0,97500.0,650000.0,650000.0,692250.0,5638.71,Yıldız Pazar,Tacirler Yatırım Menkul Değerler A.Ş.,2022-07-07,HOLDİNGLER VE YATIRIM ŞİRKETLERİ
2022 / 7,KRPLS,KOROPLAST TEMİZLİK AMBALAJ ÜRÜNLERİ SANAYİ VE DIŞ TİCARET A.Ş.,Sermaye artırımı ve ortak satışı,44.96,4.68,53900.0,24600.0,78500.0,78500.0,150000.0,174600.0,367380.0,4376.5,Yıldız Pazar,Yapı Kredi Yatırım Menkul Değerler A.Ş.,2022-07-28,KİMYA İLAÇ PETROL LASTİK VE PLASTİK ÜRÜNLER
2022 / 8,OBASE,OBASE BİLGİSAYAR VE DANIŞMANLIK HİZMETLERİ TİCARET A.Ş.,Sermaye artırımı ve ortak satışı,30.77,10.5,3500.0,10500.0,14000.0,14000.0,35000.0,45500.0,147000.0,779.16,Ana Pazar,Ziraat Yatırım Menkul Değerler A.Ş.,2022-08-03,BİLİŞİM
2022 / 8,BARMA,BAREM AMBALAJ SANAYİ VE TİCARET A.Ş.,Sermaye artırımı ve ortak satışı,20.0,36.0,3000.0,7500.0,10500.0,10500.0,45000.0,52500.0,378000.0,584.53,Yıldız Pazar,İnfo Yatırım Menkul Değerler A.Ş.,2022-08-10,KAĞIT VE KAĞIT ÜRÜNLERİ BASIM
2022 / 8,AZTEK,AZTEK TEKNOLOJİ ÜRÜNLERİ TİCARET A.Ş.,Sermaye artırımı ve ortak satışı,25.0,10.9,5000.0,20000.0,25000.0,25000.0,80000.0,100000.0,272500.0,1390.94,Ana Pazar,"Deniz Yatırım Menkul Değerler A.Ş., QNB Finans Yatırım Menkul Değerler A.Ş.",2022-08-17,BİLİŞİM
2022 / 8,HKTM,HİDROPAR HAREKET KONTROL TEKNOLOJİLERİ MERKEZİ SANAYİ VE TİCARET A.Ş.,Sermaye artırımı ve ortak satışı,34.29,11.0,2000.0,10000.0,12000.0,12000.0,25000.0,35000.0,132000.0,666.63,Ana Pazar,A1 Capital Yatırım Menkul Değerler A.Ş.,2022-08-18,METAL EŞYA MAKİNE ELEKTRİKLİ CİHAZLAR VE ULAŞIM ARAÇLARI
2022 / 11,ALFAS,ALFA SOLAR ENERJİ SANAYİ VE TİCARET A.Ş.,Sermaye artırımı ve ortak satışı,20.0,58.5,3200.0,6000.0,9200.0,9200.0,40000.0,46000.0,538200.0,493.96,Yıldız Pazar,Deniz Yatırım Menkul Değerler A.Ş.,2022-11-16,ELEKTRİK GAZ VE BUHAR
2022 / 11,SNICA,SANİCA ISI SANAYİ A.Ş.,Sermaye artırımı ve ortak satışı,29.63,20.03,5000.0,35000.0,40000.0,40000.0,100000.0,135000.0,801200.0,2146.15,Yıldız Pazar,Gedik Yatırım Menkul Değerler A.Ş. İntegral Yatırım Menkul Değerler A.Ş.,2022-11-24,METAL EŞYA MAKİNE ELEKTRİKLİ CİHAZLAR VE ULAŞIM ARAÇLARI
2022 / 11,OZSUB,ÖZSU BALIK ÜRETİM A.Ş.,Sermaye Artırımı,33.33,7.69,0.0,20000.0,20000.0,20000.0,40000.0,60000.0,153800.0,1072.53,Ana Pazar,Gedik Yatırım Menkul Değerler A.Ş.,2022-11-29,BALIKÇILIK VE SU ÜRÜNLERİ
2022 / 12,PLTUR,PLATFORM TURİZM TAŞIMACILIK GIDA İNŞAAT TEMİZLİK HİZMETLERİ SANAYİ VE TİCARET A.Ş.,Sermaye artırımı ve ortak satışı,20.22,9.1,24750.0,24750.0,49500.0,49500.0,220000.0,244750.0,450450.0,2652.7,Yıldız Pazar,İnfo Yatırım Menkul Değerler A.Ş.,2022-12-14,KİRALAMA VE LEASING FAALİYETLERİ
2022 / 12,BRKVY,BİRİKİM VARLIK YÖNETİM A.Ş.,Sermaye artırımı ve ortak satışı,21.43,14.2,6000.0,6000.0,12000.0,12000.0,50000.0,56000.0,170400.0,643.12,Ana Pazar,Halk Yatırım Menkul Kıymetler A.Ş.,2022-12-15,VARLIK YÖNETİM ŞİRKETLERİ
2022 / 12,AHGAZ,AHLATCI DOĞAL GAZ DAĞITIM ENERJİ VE YATIRIM A.Ş.,Sermaye artırımı ve ortak satışı,0.25,66.0,13250.0,39500.0,52750.0,52750.0,168500.0,208000.0,3481500.0,2823.0,Yıldız Pazar,Ahlatcı Yatırım Menkul Değerler A.Ş. (Konsorsiyum Lideri) Vakıf Yatırım Menkul Değerler A.Ş. Türkiye Kalkınma ve Yatırım Bankası A.Ş.,2022-12-22,ELEKTRİK GAZ VE BUHAR
2022 / 12,TERA,TERA YATIRIM MENKUL DEĞERLER A.Ş.,Sermaye artırımı ve ortak satışı,31.43,10.0,1500.0,15000.0,16500.0,16500.0,37500.0,52500.0,165000.0,883.02,Ana Pazar,Tera Yatırım Menkul Değerler A.Ş. (Konsorsiyum Lideri) Alnus Yatırım Menkul Değerler A.Ş. (Eş Lider),2022-12-22,ARACI KURUMLAR
2022 / 12,EYGYO,EYG GAYRİMENKUL YATIRIM ORTAKLIĞI A.Ş.,Sermaye artırımı ve ortak satışı,30.0,14.23,8250.0,16500.0,24750.0,24750.0,66000.0,82500.0,352192.5,1321.39,Yıldız Pazar,Tacirler Yatırım Menkul Değerler A.Ş.,2022-12-29,GAYRİMENKUL YATIRIM ORTAKLIKLARI
2023 / 1,ONCSM,ONCOSEM ONKOLOJİK SİSTEMLER SANAYİ VE TİCARET A.Ş.,Sermaye artırımı ve ortak satışı,24.95,17.5,2000.0,3950.0,5950.0,5950.0,19900.0,23850.0,104125.0,317.28,Ana Pazar,İnfo Yatırım Menkul Değerler A.Ş.,2023-01-04,KİMYA İLAÇ PETROL LASTİK VE PLASTİK ÜRÜNLER
2023 / 1,SDTTR,SDT UZAY VE SAVUNMA TEKNOLOJİLERİ A.Ş.,Sermaye artırımı ve ortak satışı,21.12,32.0,4250.0,8000.0,12250.0,12250.0,50000.0,58000.0,392000.0,653.23,Yıldız Pazar,İnfo Yatırım Menkul Değerler A.Ş.,2023-01-04,SAVUNMA
2023 / 1,TNZTP,TAPDİ OKSİJEN ÖZEL SAĞLIK VE EĞİTİM HİZMETLERİ SANAYİ TİCARET A.Ş.,Sermaye Artırımı,21.88,10.21,0.0,28000.0,28000.0,28000.0,100000.0,128000.0,285880.0,1490.0,Ana Pazar,Piramit Menkul Kıymetler A.Ş.,2023-01-11,İNSAN SAĞLIĞI VE SOSYAL HİZMETLER
2023 / 1,SOKE,SÖKE DEĞİRMENCİLİK SANAYİ VE TİCARET A.Ş.,Sermaye artırımı,20.05,7.5,0.0,77500.0,77500.0,77500.0,309000.0,386500.0,581250.0,4123.52,Yıldız Pazar,QNB Finans Yatırım Menkul Değerler A.Ş.,2023-01-12,"GIDA, İÇECEK VE TÜTÜN"
2023 / 1,ASTOR,ASTOR ENERJİ A.Ş.,Sermaye artırımı ve ortak satışı,21.04,12.5,62000.0,148000.0,210000.0,210000.0,850000.0,998000.0,2625000.0,11167.9,Yıldız Pazar,TEB Yatrırım Menkul Değerler A.Ş.,2023-01-18,METAL EŞYA MAKİNE ELEKTRİKLİ CİHAZLAR VE ULAŞIM ARAÇLARI
2023 / 1,MACKO,MACKOLİK İNTERNET HİZMETLERİ TİCARET A.Ş.,Ortak Satışı,33.97,38.0,8500.0,0.0,8500.0,8500.0,25000.0,25000.0,323000.0,451.67,Yıldız Pazar,İnfo Yatırım Menkul Değerler A.Ş.,2023-01-26,SPOR EĞLENCE BOŞ ZAMANLARI DEĞERLENDİRME HİZMETLERİ
2023 / 2,BVSAN,BÜLBÜLOĞLU VİNÇ SANAYİ VE TİCARET A.Ş.,Sermaye artırımı ve ortak satışı,30.59,31.0,3900.0,7600.0,11500.0,11500.0,30000.0,37600.0,356500.0,610.31,Yıldız Pazar,Tera Yatırım Menkul Değerler A.Ş.,2023-02-06,METAL EŞYA MAKİNE ELEKTRİKLİ CİHAZLAR VE ULAŞIM ARAÇLARI
2023 / 3,GOKNR,GÖKNUR GIDA MADDELERİ ENERJİ İMALAT İTHALAT İHRACAT TİCARET VE SANAYİ A.Ş.,Sermaye artırımı ve ortak satışı,22.64,11.0,14250.0,65000.0,79250.0,79250.0,285000.0,350000.0,871750.0,4179.06,Yıldız Pazar,Yapı Kredi Yatırım Menkul Değerler A.Ş.,2023-03-09,"GIDA, İÇECEK VE TÜTÜN"
2023 / 3,AKFYE,AKFEN YENİLENEBİLİR ENERJİ A.Ş.,Ortak Satışı,33.5,9.8,340370.0,0.0,340370.0,340370.0,1016031.95,1016031.95,3335632.89,17904.98,Yıldız Pazar,Garanti Yatırım Menkul Değerler A.Ş.,2023-03-16,ELEKTRİK GAZ VE BUHAR
2023 / 3,EKSUN,EKSUN GIDA TARIM SANAYİ VE TİCARET A.Ş.,Sermaye artırımı,28.63,48.9,0.0,20042.0,20042.0,20042.0,49957.5,70000.0,980078.35,1050.89,Yıldız Pazar,Yapı Kredi Yatırım Menkul Değerler A.Ş.,2023-03-24,"GIDA, İÇECEK VE TÜTÜN"
2023 / 4,CVKMD,CVK MADEN İŞLETMELERİ SANAYİ VE TİCARET A.Ş.,Sermaye artırımı ve ortak satışı,20.0,105.0,1400.0,7000.0,8400.0,8400.0,35000.0,42000.0,882000.0,434.29,Yıldız Pazar,Tera Yatırım Menkul Değerler A.Ş.,2023-04-13,METAL CEVHERİ MADENCİLİĞİ
2023 / 4,KOPOL,KOZA POLYESTER SANAYİ VE TİCARET A.Ş.,Sermaye artırımı ve ortak satışı,20.54,24.5,21230.0,23160.0,44390.0,44390.0,193000.0,216160.0,1087555.0,2295.03,Yıldız Pazar,Garanti Yatırım Menkul Değerler A.Ş.,2023-04-13,KİMYA İLAÇ PETROL LASTİK VE PLASTİK ÜRÜNLER
2023 / 4,EUPWR,EUROPOWER ENERJİ VE OTOMASYON TEKNOLOJİLERİ SANAYİ TİCARET A.Ş.,Sermaye artırımı ve ortak satışı,27.27,40.6,15000.0,45000.0,60000.0,60000.0,175000.0,220000.0,2436000.0,3090.31,Yıldız Pazar,Ak Yatırım Menkul Değerler A.Ş.,2023-04-20,METAL EŞYA MAKİNE ELEKTRİKLİ CİHAZLAR VE ULAŞIM ARAÇLARI
2023 / 4,GRTHO,GRAINTURK TARIM A.Ş.,Sermaye artırımı,20.0,17.6,0.0,25000.0,25000.0,25000.0,100000.0,125000.0,440000.0,1286.15,Yıldız Pazar,İnfo Yatırım Menkul Değerler A.Ş.,2023-04-26,HOLDİNGLER VE YATIRIM ŞİRKETLERİ
2023 / 5,CWENE,CW ENERJİ MÜHENDİSLİK TİCARET VE SANAYİ A.Ş.,Sermaye artırımı ve ortak satışı,24.24,108.6,11250.0,18750.0,30000.0,30000.0,105000.0,123750.0,3258000.0,1537.69,Yıldız Pazar,QNB Finans Yatırım Menkul Değerler A.Ş. Deniz Yatırım Menkul Kıymetler A.Ş.,2023-05-05,ELEKTRİK GAZ VE BUHAR
2023 / 5,BIGCH,BÜYÜK ŞEFLER GIDA TURİZM TEKSTİL DANIŞMANLIK ORGANİZASYON EĞİTİM SANAYİ VE TİCARET A.Ş.,Sermaye artırımı ve ortak satışı,34.58,22.5,30000.0,7000.0,37000.0,37000.0,100000.0,107000.0,832500.0,1892.72,Yıldız Pazar,Deniz Yatırım Menkul Kıymetler A.Ş,2023-05-10,YİYECEK VE İÇECEK HİZMETLERİ
2023 / 5,BIENY,BİEN YAPI ÜRÜNLERİ SANAYİ TURİZM VE TİCARET A.Ş.,Sermaye artırımı,20.0,42.8,0.0,72326.0,72326.0,72326.0,288673.88,361000.0,3095557.89,3653.51,Yıldız Pazar,"Ak Yatırım Menkul Değerler A.Ş., Garanti Yatırım Menkul Kıymetler A.Ş. ve Yapı Kredi Yatırım Menkul Değerler A.Ş.",2023-05-18,TAŞ VE TOPRAĞA DAYALI
2023 / 5,KAYSE,KAYSERİ ŞEKER FABRİKASI A.Ş.,Sermaye artırımı,15.01,16.27,0.0,106000.0,106000.0,106000.0,600000.0,706000.0,1724620.0,5354.54,Yıldız Pazar,Gedik Yatırım Menkul Değerler A.Ş.,2023-05-18,"GIDA, İÇECEK VE TÜTÜN"
2023 / 6,KTLEV,KATILIMEVİM TASARRUF FİNANSMAN A.Ş.,Sermaye artırımı ve ortak satışı,33.33,13.43,30000.0,30000.0,60000.0,60000.0,150000.0,180000.0,805800.0,2536.55,Yıldız Pazar,İnfo Yatırım Menkul Değerler A.Ş.,2023-06-12,FİNANSMAN ŞİRKETLERİ
2023 / 6,FORTE,FORTE BİLGİ İLETİŞİM TEKNOLOJİLERİ VE SAVUNMA SANAYİ A.Ş.,Sermaye artırımı,32.84,12.12,0.0,22000.0,22000.0,22000.0,45000.0,67000.0,266640.0,930.57,Ana Pazar,İnfo Yatırım Menkul Değerler A.Ş.,2023-06-14,BİLİŞİM
2023 / 6,PASEU,PASİFİK EURASİA LOJİSTİK DIŞ TİCARET A.Ş.,Sermaye artırımı ve ortak satışı,20.24,25.0,16000.0,18000.0,34000.0,34000.0,150000.0,168000.0,850000.0,1438.16,Yıldız Pazar,Halk Yatırım Menkul Değerler A.Ş.,2023-06-14,ULAŞTIRMA VE DEPOLAMA
2023 / 6,A1CAP,A1 CAPİTAL YATIRIM MENKUL DEĞERLER A.Ş.,Sermaye artırımı,25.93,25.0,0.0,35000.0,35000.0,35000.0,100000.0,135000.0,875000.0,1477.95,Yıldız Pazar,A1 Capital Yatırım Menkul Değerler A.Ş.,2023-06-15,ARACI KURUMLAR
2023 / 7,ATAKP,ATAKEY PATATES GIDA SANAYİ VE TİCARET A.Ş.,Sermaye artırımı ve ortak satışı,20.34,39.5,7056.0,21168.0,28224.0,28224.0,117600.0,138768.0,1114848.0,1046.13,Yıldız Pazar,İş Yatırım Menkul Değerler A.Ş.,2023-07-27,"GIDA, İÇECEK VE TÜTÜN"
2023 / 7,KLSER,"KALESERAMİK, ÇANAKKALE KALEBODUR SERAMİK SANAYİ A.Ş.",Sermaye artırımı,21.25,25.0,0.0,109390.0,109390.0,109390.0,405388.2,514778.66,2734761.63,4054.57,Yıldız Pazar,Ak Yatırım Menkul Değerler A.Ş. - Yapı Kredi Menkul Değerler A.Ş.,2023-07-27,TAŞ VE TOPRAĞA DAYALI
2023 / 7,FZLGY,FUZUL GAYRİMENKUL YATIRIM ORTAKLIĞI A.Ş.,Sermaye artırımı ve ortak satışı,28.89,8.9,28000.0,63860.0,91860.0,91860.0,254140.0,318000.0,817554.0,3403.75,Yıldız Pazar,İntegral Yatırım Menkul Değerler A.Ş. - Halk Yatırım Menkul Değerler A.Ş.,2023-07-28,GAYRİMENKUL YATIRIM ORTAKLIKLARI
2023 / 8,ASGYO,ASCE GAYRİMENKUL YATIRIM ORTAKLIĞI A.Ş.,Sermaye artırımı ve ortak satışı,25.04,12.6,66000.0,99000.0,165000.0,165000.0,560000.0,659000.0,2079000.0,6111.5,Yıldız Pazar,Halk Yatırım Menkul Değerler A.Ş.,2023-08-03,GAYRİMENKUL YATIRIM ORTAKLIKLARI
2023 / 8,IZENR,İZDEMİR ENERJİ ELEKTRİK ÜRETİM A.Ş.,Sermaye artırımı ve ortak satışı,24.02,19.0,63120.0,75000.0,138120.0,138120.0,500000.0,575000.0,2624280.0,5101.55,Yıldız Pazar,Garanti Yatırım Menkul Değerler A.Ş.,2023-08-16,ELEKTRİK GAZ VE BUHAR
2023 / 8,OFSYM,OFİS YEM GIDA SANAYİ TİCARET A.Ş.,Sermaye artırımı ve ortak satışı,15.56,27.2,6500.0,16250.0,22750.0,22750.0,130000.0,146250.0,618800.0,840.29,Yıldız Pazar,Garanti Yatırım Menkul Değerler A.Ş.,2023-08-16,"GIDA, İÇECEK VE TÜTÜN"
2023 / 8,TATEN,TATLIPINAR ENERJİ ÜRETİM A.Ş.,Sermaye artırımı ve ortak satışı,25.03,22.5,35100.0,35100.0,70200.0,70200.0,245400.0,280500.0,1579500.0,2588.79,Yıldız Pazar,İnfo Yatırım Menkul Değerler A.Ş.,2023-08-17,ELEKTRİK GAZ VE BUHAR
2023 / 8,BYDNR,BAYDÖNER RESTORANLARI A.Ş.,Sermaye artırımı ve ortak satışı,21.43,21.0,4000.0,14000.0,18000.0,18000.0,70000.0,84000.0,378000.0,662.34,Yıldız Pazar,Halk Yatırım Menkul Değerler A.Ş.,2023-08-21,YİYECEK VE İÇECEK HİZMETLERİ
2023 / 8,ENERY,ENERYA ENERJİ A.Ş.,Sermaye artırımı ve ortak satışı,26.9,88.76,14000.0,25000.0,39000.0,39000.0,120000.0,145000.0,3461640.0,1432.63,Yıldız Pazar,"Ahlatcı Yatırım Menkul Değerler A.Ş., Vakıf Yatırım Menkul Değerler A.Ş.",2023-08-23,ELEKTRİK GAZ VE BUHAR
2023 / 8,KZGYO,KUZUGRUP GAYRİMENKUL YATIRIM ORTAKLIĞI A.Ş.,Sermaye artırımı ve ortak satışı,25.0,20.76,25000.0,25000.0,50000.0,50000.0,175000.0,200000.0,1038000.0,1877.99,Yıldız Pazar,Tera Yatırım Menkul Kıymetler A.Ş.,2023-08-29,GAYRİMENKUL YATIRIM ORTAKLIKLARI
2023 / 9,EBEBK,EBEBEK MAĞAZACILIK A.Ş.,Sermaye artırımı ve ortak satışı,25.0,46.5,16000.0,24000.0,40000.0,40000.0,136000.0,160000.0,1860000.0,1489.59,Yıldız Pazar,Ünlü Menkul Değerler A.Ş.,2023-09-07,PERAKENDE TİCARET
2023 / 9,TARKM,TARKİM BİTKİ KORUMA SANAYİ VE TİCARET A.Ş.,Sermaye Artırımı,23.81,107.5,0.0,5000.0,5000.0,5000.0,16000.0,21000.0,537500.0,185.83,Yıldız Pazar,Halk Yatırım Menkul Değerler A.Ş.,2023-09-12,KİMYA İLAÇ PETROL LASTİK VE PLASTİK ÜRÜNLER
2023 / 9,GIPTA,GIPTA OFİS KIRTASİYE VE PROMOSYON ÜRÜNLERİ İMALAT SANAYİ A.Ş.,Sermaye artırımı ve ortak satışı,30.3,20.9,8000.0,32000.0,40000.0,40000.0,100000.0,132000.0,836000.0,1483.93,Yıldız Pazar,Halk Yatırım Menkul Değerler A.Ş.,2023-09-14,KAĞIT VE KAĞIT ÜRÜNLERİ BASIM
2023 / 9,ADGYO,ADRA GAYRİMENKUL YATIRIM ORTAKLIĞI A.Ş.,Sermaye Artırımı,0.0,22.66,0.0,73700.0,73700.0,73700.0,220000.0,293700.0,1670042.0,2725.63,Yıldız Pazar,Garanti Yatırım Menkul Kıymetler A.Ş.,2023-09-20,GAYRİMENKUL YATIRIM ORTAKLIKLARI
2023 / 9,REEDR,REEDER TEKNOLOJİ SANAYİ VE TİCARET A.Ş.,Sermaye artırımı ve ortak satışı,0.0,9.3,45000.0,170000.0,215000.0,215000.0,780000.0,950000.0,1999500.0,7948.04,Yıldız Pazar,"Türkiye Sınai Kalkınma Bankası A.Ş. Yatırım Finansman Menkul Değerler A.Ş., Ziraat Yatırım Menkul Değerler A.ş.",2023-09-21,BİLİŞİM
2023 / 9,HATSN,HAT-SAN GEMİ İNŞAA BAKIM ONARIM DENİZ NAKLİYAT SANAYİ VE TİCARET A.Ş.,Sermaye artırımı ve ortak satışı,20.0,22.6,10837.0,33462.0,44300.0,44300.0,188037.09,221500.0,1001180.0,1631.51,Yıldız Pazar,İnfo Yatırım Menkul Değerler A.Ş.,2023-09-22,METAL EŞYA MAKİNE ELEKTRİKLİ CİHAZLAR VE ULAŞIM ARAÇLARI
2023 / 9,DMRGD,DMR UNLU MAMULLER ÜRETİM GIDA TOPTAN PERAKENDE İHRACAT A.Ş.,Sermaye Artırımı,0.0,10.24,0.0,75000.0,75000.0,75000.0,110300.0,185300.0,768000.0,2734.63,Yıldız Pazar,A1 Capital Yatırım Menkul Değerler A.Ş.,2023-09-29,"GIDA, İÇECEK VE TÜTÜN"
2023 / 10,MEKAG,MEKA BETON SANTRALLERİ İMALAT SANAYİ VE TİCARET A.Ş.,Sermaye artırımı ve ortak satışı,27.04,25.0,4400.0,12500.0,16900.0,16900.0,50000.0,62500.0,422500.0,608.84,Yıldız Pazar,Vakıf Yatırım Menkul Değerler A.Ş. ve Türkiye Kalkınma Yatırım Bankası A.Ş.,2023-10-12,METAL EŞYA MAKİNE ELEKTRİKLİ CİHAZLAR VE ULAŞIM ARAÇLARI
2023 / 10,DOFER,DOFER YAPI MALZEMELERİ SANAYİ VE TİCARET A.Ş.,Sermaye artırımı ve ortak satışı,30.49,17.11,3000.0,14000.0,17000.0,17000.0,41750.0,55750.0,290870.0,609.61,Ana Pazar,Gedik Yatırım Menkul Değerler A.Ş.,2023-10-16,ANA METAL SANAYİ
2023 / 10,MHRGY,MHR GAYRİMENKUL YATIRIM ORTAKLIĞI A.Ş.,Sermaye Artırımı,25.03,4.3,0.0,207000.0,207000.0,207000.0,620000.0,827000.0,890100.0,7388.56,Yıldız Pazar,Yapı Kredi Yatırım Menkul Değerler A.Ş.,2023-10-18,GAYRİMENKUL YATIRIM ORTAKLIKLARI
2023 / 10,BORLS,BORLEASE OTOMOTİV A.Ş.,Sermaye artırımı ve ortak satışı,30.65,25.29,23500.0,28200.0,51700.0,51700.0,140500.0,168700.0,1307493.0,1845.42,Yıldız Pazar,"Türkiye Sınai Kalkınma Bankası A.Ş., Yatırım Finansman Menkul Değerler A.Ş. ve Ziraat Yatırım Menkul Değerler A.Ş.",2023-10-19,KİRALAMA VE LEASING FAALİYETLERİ
2023 / 10,TABGD,TAB GIDA SANAYİ VE TİCARET A.Ş.,Sermaye artırımı ve ortak satışı,20.09,130.0,23625.0,28875.0,52500.0,52500.0,232417.0,261292.0,6825000.0,1864.8,Yıldız Pazar,"Yapı Kredi Yatırım Menkul Değerler A.Ş., İş Yatırım Menkul Değerler A.Ş., Ata Yatırım Menkul Kıymetler A.Ş.",2023-10-26,YİYECEK VE İÇECEK HİZMETLERİ
2023 / 10,VRGYO,VERA KONSEPT GAYRİMENKUL YATIRIM ORTAKLIĞI A.Ş.,Sermaye Artırımı,26.83,15.78,0.0,55000.0,55000.0,55000.0,150000.0,205000.0,867900.0,1951.98,Yıldız Pazar,İntegral Yatırım Menkul Değerler A.Ş.,2023-10-27,GAYRİMENKUL YATIRIM ORTAKLIKLARI
2023 / 11,MARBL,TUREKS TURUNÇ MADENCİLİK İÇ VE DIŞ TİCARET A.Ş.,Sermaye artırımı ve ortak satışı,25.8,10.97,10376.0,48600.0,58976.0,58976.0,180000.0,228600.0,646971.15,2067.3,Yıldız Pazar,Tacirler Yatırım Menkul Değerler A.Ş.,2023-11-08,TAŞ VE TOPRAĞA DAYALI
2023 / 11,BINHO,1000 YATIRIMLAR HOLDİNG A.Ş.,Sermaye artırımı ve ortak satışı,20.21,125.0,2500.0,7000.0,9500.0,9500.0,40000.0,47000.0,1187500.0,330.36,Yıldız Pazar,A1 Capital Yatırım Menkul Değerler A.Ş.,2023-11-20,HOLDİNGLER VE YATIRIM ŞİRKETLERİ
2023 / 11,EKOS,EKOS TEKNOLOJİ VE ELEKTRİK A.Ş.,Sermaye Artırımı,21.43,12.77,0.0,60000.0,60000.0,60000.0,220000.0,280000.0,766200.0,2083.39,Yıldız Pazar,Deniz Yatırım Menkul Değerler A.Ş.,2023-11-21,METAL EŞYA MAKİNE ELEKTRİKLİ CİHAZLAR VE ULAŞIM ARAÇLARI
2023 / 11,AGROT,AGROTECH YÜKSEK TEKNOLOJİ VE YATIRIM A.Ş.,Sermaye artırımı ve ortak satışı,25.0,5.21,100000.0,200000.0,300000.0,300000.0,1000000.0,1200000.0,1563000.0,10405.68,Yıldız Pazar,Alnus Yatırım Menkul Değerler A.Ş.,2023-11-23,TARIM VE HAYVANCILIK AVCILIK VE İLGİLİ HİZMET FAALİYETLERİ
2023 / 12,SKYMD,ŞEKER YATIRIM MENKUL DEĞERLER A.Ş.,Sermaye artırımı ve ortak satışı,33.87,7.0,17500.0,35000.0,52500.0,52500.0,120000.0,155000.0,367500.0,1814.64,Yıldız Pazar,Şeker Yatırım Menkul Değerler A.Ş.,2023-12-06,ARACI KURUMLAR
2023 / 12,CATES,ÇATES ELEKTRİK ÜRETİM A.Ş.,Sermaye artırımı ve ortak satışı,20.01,57.15,8255.0,24795.0,33050.0,33050.0,140405.0,165200.0,1888807.5,1142.57,Yıldız Pazar,İnfo Yatırım Menkul Değerler A.Ş.,2023-12-07,ELEKTRİK GAZ VE BUHAR
2023 / 12,BEGYO,BATI EGE GAYRİMENKUL YATIRIM ORTAKLIĞI A.Ş.,Sermaye Artırımı,35.58,3.0,0.0,290000.0,290000.0,290000.0,525000.0,815000.0,870000.0,10017.44,Yıldız Pazar,Halk Yatırım Menkul Değerler A.Ş.,2023-12-08,GAYRİMENKUL YATIRIM ORTAKLIKLARI
2023 / 12,KBORU,KUZEY BORU A.Ş.,Sermaye artırımı ve ortak satışı,24.0,36.2,4000.0,20000.0,24000.0,24000.0,80000.0,100000.0,868800.0,826.65,Yıldız Pazar,Tacirler Yatırım Menkul Değerler A.Ş.,2023-12-14,KİMYA İLAÇ PETROL LASTİK VE PLASTİK ÜRÜNLER
2023 / 12,SURGY,SUR TATİL EVLERİ GAYRİMENKUL YATIRIM ORTAKLIĞI A.Ş.,Sermaye artırımı ve ortak satışı,26.87,49.18,22500.0,22500.0,45000.0,45000.0,145000.0,167500.0,2213100.0,1549.97,Yıldız Pazar,Ziraat Yatırım Menkul Değerler A.Ş.,2023-12-14,GAYRİMENKUL YATIRIM ORTAKLIKLARI
2023 / 12,MEGMT,MEGA METAL SANAYİ VE TİCARET A.Ş.,Sermaye artırımı ve ortak satışı,23.68,28.3,22750.0,40000.0,62750.0,62750.0,225000.0,265000.0,1775825.0,2161.04,Yıldız Pazar,A1 Capital Yatırım Menkul Değerler A.Ş.,2023-12-15,ANA METAL SANAYİ
2023 / 12,AVPGY,AVRUPAKENT GAYRİMENKUL YATIRIM ORTAKLIĞI A.Ş.,Sermaye artırımı ve ortak satışı,25.0,55.08,35000.0,65000.0,100000.0,100000.0,335000.0,400000.0,5508000.0,3431.45,Yıldız Pazar,Ak Yatırım Menkul Değerler A.Ş.,2023-12-21,GAYRİMENKUL YATIRIM ORTAKLIKLARI
2024 / 2,PATEK,PASİFİK TEKNOLOJİ A.Ş.,Sermaye artırımı ve ortak satışı,20.15,35.0,13000.0,14000.0,27000.0,27000.0,120000.0,134000.0,945000.0,878.79,Ana Pazar,Halk Yatırım Menkul Değerler A.Ş.,2024-02-13,BİLİŞİM
2024 / 2,BORSK,BOR ŞEKER A.Ş.,Sermaye artırımı ve ortak satışı,29.17,26.54,30000.0,40000.0,70000.0,70000.0,200000.0,240000.0,1857800.0,2276.27,Yıldız Pazar,Gedik Yatırım Menkul Değerler A.Ş.,2024-02-15,"GIDA, İÇECEK VE TÜTÜN"
2024 / 2,LMKDC,LİMAK DOĞU ANADOLU ÇİMENTO SANAYİ VE TİCARET A.Ş.,Sermaye artırımı ve ortak satışı,30.21,16.2,25930.0,130000.0,155930.0,155930.0,386179.7,516179.7,2526066.0,5027.73,Yıldız Pazar,Halk Yatırım Menkul Değerler A.Ş.,2024-02-22,TAŞ VE TOPRAĞA DAYALI
2024 / 2,ALVES,ALVES KABLO SANAYİ VE TİCARET A.Ş.,Sermaye artırımı,25.0,19.45,0.0,40000.0,40000.0,40000.0,120000.0,160000.0,778000.0,1281.4,Ana Pazar,İnfo Yatırım Menkul Değerler A.Ş.,2024-02-29,METAL EŞYA MAKİNE ELEKTRİKLİ CİHAZLAR VE ULAŞIM ARAÇLARI
2024 / 3,OBAMS,OBA MAKARNACILIK SANAYİ VE TİCARET A.Ş.,Sermaye artırımı ve ortak satışı,20.09,39.24,24084.0,72252.0,96336.0,96336.0,407169.5,479421.76,3780238.18,3078.27,Yıldız Pazar,"Türkiye Kalkınma ve Yatırım Bankası A.Ş., Ünlü Menkul Değerler A.Ş., Ziraat Yatırım Menkul Değerler A.Ş., QNB Finans Yatırım Menkul Değerler A.Ş.",2024-03-01,"GIDA, İÇECEK VE TÜTÜN"
2024 / 3,ARTMS,ARTEMİS HALI A.Ş.,Sermaye artırımı,28.57,25.35,0.0,20000.0,20000.0,20000.0,50000.0,70000.0,507000.0,635.66,Ana Pazar,İnfo Yatırım Menkul Değerler A.Ş.,2024-03-04,"TEKSTİL, GİYİM EŞYASI VE DERİ"
2024 / 3,MOGAN,MOGAN ENERJİ YATIRIM HOLDİNG A.Ş.,Sermaye artırımı ve ortak satışı,10.76,11.33,52527.0,210108.0,262635.0,262635.0,2230000.0,2440108.0,2975654.55,8250.12,Yıldız Pazar,"""Türkiye Sınai Kalkınma Bankası A.Ş., İş Yatırım Menkul Değerler A.Ş.""",2024-03-07,ELEKTRİK GAZ VE BUHAR
2024 / 3,ODINE,ODİNE SOLUTİONS TEKNOLOJİ TİCARET VE SANAYİ A.Ş.,Sermaye artırımı ve ortak satışı,40.0,30.0,22100.0,22100.0,44200.0,44200.0,88400.0,110500.0,1326000.0,1365.51,Yıldız Pazar,Türkiye Sınai Kalkınma Bankası A.Ş.,2024-03-21,BİLİŞİM
2024 / 4,ENTRA,IC ENTERRA YENİLENEBİLİR ENERJİ A.Ş.,Sermaye artırımı ve ortak satışı,20.03,10.0,142579.0,226986.0,369565.0,369565.0,1618013.68,1845000.0,3695657.17,11586.2,Yıldız Pazar,"""Ak Yatırım Menkul Değerler A.Ş., İş Yatırım Menkul Değerler A.Ş., Ziraat Yatırım Menkul Değerler A.Ş.""",2024-04-04,ELEKTRİK GAZ VE BUHAR
2024 / 4,RGYAS,RÖNESANS GAYRİMENKUL YATIRIM A.Ş.,Sermaye artırımı ve ortak satışı,10.08,135.0,6074.0,27283.0,33357.0,33357.0,303716.89,331000.0,4503255.75,1026.02,Yıldız Pazar,"""Ak Yatırım Menkul Değerler A.Ş. Deniz Yatırım Menkul Kıymetler A.Ş.""",2024-04-26,GAYRİMENKUL FAALİYETLERİ
2024 / 5,LILAK,LİLA KAĞIT SANAYİ VE TİCARET A.Ş.,Sermaye artırımı ve ortak satışı,20.34,37.39,30000.0,90000.0,120000.0,120000.0,500000.0,590000.0,4486800.0,3722.66,Yıldız Pazar,"Ak Yatırım Menkul Değerler A.Ş., Yapı Kredi Yatırım Menkul Değerler A.Ş.",2024-05-09,KAĞIT VE KAĞIT ÜRÜNLERİ BASIM
2024 / 5,KOTON,KOTON MAĞAZACILIK TEKSTİL SANAYİ VE TİCARET A.Ş.,Sermaye artırımı ve ortak satışı,16.46,30.5,102450.0,34150.0,136600.0,136600.0,795500.0,829650.0,4166300.0,4240.75,Yıldız Pazar,İş Yatırım Menkul Değerler A.Ş.,2024-05-10,PERAKENDE TİCARET
2024 / 5,ALTNY,ALTINAY SAVUNMA TEKNOLOJİLERİ A.Ş.,Sermaye artırımı ve ortak satışı,25.0,32.0,23529.0,35294.0,58823.0,58823.0,200000.0,235294.12,1882352.96,1825.94,Yıldız Pazar,"""Türkiye Sınai Kalkınma Bankası A.Ş. Yatırım Finansman Menkul Değerler A.Ş. Ziraat Yatırım Menkul Değerler A.Ş.""",2024-05-16,SAVUNMA
2024 / 5,KOCMT,KOÇ METALURJİ A.Ş.,Sermaye artırımı ve ortak satışı,27.47,20.5,20000.0,105000.0,125000.0,125000.0,350000.0,455000.0,2562500.0,3875.73,Yıldız Pazar,A1 Capital Yatırım Menkul Değerler A.Ş.,2024-05-17,ANA METAL SANAYİ
2024 / 5,HRKET,HAREKET PROJE TAŞIMACILIĞI VE YÜK MÜHENDİSLİĞİ A.Ş.,Sermaye artırımı ve ortak satışı,20.83,70.0,4800.0,19200.0,24000.0,24000.0,96000.0,115200.0,1680000.0,745.34,Yıldız Pazar,"""Türkiye Sınai Kalkınma Bankası A.Ş. Yatırım Finansman Menkul Değerler A.Ş. """,2024-05-23,ULAŞTIRMA VE DEPOLAMA
2024 / 5,ONRYT,ONUR YÜKSEK TEKNOLOJİ A.Ş.,Sermaye artırımı ve ortak satışı,31.4,49.5,6900.0,12830.0,19730.0,19730.0,50000.0,62830.0,976635.0,613.15,Ana Pazar,Global Menkul Değerler A.Ş.,2024-05-28,SAVUNMA
2024 / 5,OZYSR,ÖZYAŞAR TEL VE GALVANİZLEME SANAYİ A.Ş.,Sermaye artırımı ve ortak satışı,30.23,28.0,13000.0,18200.0,31200.0,31200.0,85000.0,103200.0,873600.0,967.58,Ana Pazar,QNB Finans Yatırım Menkul Kıymetler A.Ş.,2024-05-29,ANA METAL SANAYİ
2024 / 6,ALKLC,ALTINKILIÇ GIDA VE SÜT SANAYİ TİCARET A.Ş.,Sermaye artırımı,30.25,22.98,0.0,33885.0,33885.0,33885.0,78115.0,112000.0,778677.3,1048.2,Ana Pazar,Deniz Yatırım Menkul Kıymetler A.Ş.,2024-06-04,"GIDA, İÇECEK VE TÜTÜN"
2024 / 6,YIGIT,YİĞİT AKÜ MALZEMELERİ NAKLİYAT TURİZM İNŞAAT SANAYİ VE TİCARET A.Ş.,Sermaye artırımı ve ortak satışı,24.96,34.68,24500.0,50500.0,75000.0,75000.0,250000.0,300500.0,2601000.0,2326.63,Yıldız Pazar,"""Halk Yatırım Menkul Değerler A.Ş. İntegral Yatırım Menkul Değerler A.Ş.""",2024-06-06,METAL EŞYA MAKİNE ELEKTRİKLİ CİHAZLAR VE ULAŞIM ARAÇLARI
2024 / 6,HOROZ,HOROZ LOJİSTİK KARGO HİZMETLERİ VE TİCARET A.Ş.,Sermaye artırımı ve ortak satışı,27.19,55.0,6600.0,18000.0,24600.0,24600.0,72488.08,90488.08,1353000.0,762.78,Yıldız Pazar,QNB Finans Yatırım Menkul Kıymetler A.Ş.,2024-06-07,ULAŞTIRMA VE DEPOLAMA
2024 / 7,SEGMN,SEĞMEN KARDEŞLER GIDA ÜRETİM VE AMBALAJ SANAYİ A.Ş.,Sermaye artırımı,19.55,30.0,0.0,35000.0,35000.0,35000.0,144000.0,179000.0,1050000.0,1074.95,Yıldız Pazar,Gedik Yatırım Menkul Değerler A.Ş.,2024-07-04,"GIDA, İÇECEK VE TÜTÜN"
2024 / 7,EFOR,EFOR ÇAY SANAYİ TİCARET A.Ş.,Sermaye artırımı ve ortak satışı,24.79,14.5,27000.0,63000.0,90000.0,90000.0,300000.0,363000.0,1305000.0,2753.23,Yıldız Pazar,"""Halk Yatırım Menkul Değerler A.Ş. İntegral Yatırım Menkul Değerler A.Ş.""",2024-07-05,"GIDA, İÇECEK VE TÜTÜN"
2024 / 7,DCTTR,DCT TRADİNG DIŞ TİCARET A.Ş.,Sermaye artırımı ve ortak satışı,28.85,14.0,7500.0,30000.0,37500.0,37500.0,100000.0,130000.0,525000.0,1131.46,Ana Pazar,Halk Yatırım Menkul Değerler A.Ş.,2024-07-31,TOPTAN TİCARET
2024 / 8,BAHKM,BAHADIR KİMYA SANAYİ VE TİCARET A.Ş.,Sermaye artırımı ve ortak satışı,29.09,51.0,6000.0,10000.0,16000.0,16000.0,45000.0,55000.0,816000.0,476.85,Ana Pazar,Tera Yatırım Menkul Değerler A.Ş.,2024-08-13,KİMYA İLAÇ PETROL LASTİK VE PLASTİK ÜRÜNLER
2024 / 8,TCKRC,KIRAÇ GALVANİZ TELEKOMİNİKASYON METAL MAKİNE İNŞAAT ELEKTRİK SANAYİ VE TİCARET A.Ş.,Sermaye artırımı,26.47,24.0,0.0,45000.0,45000.0,45000.0,125000.0,170000.0,1080000.0,1327.14,Yıldız Pazar,İnfo Yatırım Menkul Değerler A.Ş.,2024-08-21,ANA METAL SANAYİ
2024 / 8,GUNDG,GÜNDOĞDU GIDA SÜT ÜRÜNLERİ SANAYİ VE DIŞ TİCARET A.Ş.,Sermaye artırımı ve ortak satışı,25.64,35.0,1000.0,9000.0,10000.0,10000.0,30000.0,39000.0,350000.0,294.88,Ana Pazar,ALB Yatırım Menkul Değerler A.Ş.,2024-08-22,"GIDA, İÇECEK VE TÜTÜN"
2024 / 8,AHSGY,AHES GAYRİMENKUL YATIRIM ORTAKLIĞI A.Ş.,Sermaye artırımı,25.64,25.2,0.0,50000.0,50000.0,50000.0,145000.0,195000.0,1260000.0,1471.26,Yıldız Pazar,Halk Yatırım Menkul Değerler A.Ş.,2024-08-29,GAYRİMENKUL YATIRIM ORTAKLIKLARI
2024 / 9,OZATD,ÖZATA DENİZCİLİK SANAYİ VE TİCARET A.Ş.,Sermaye artırımı ve ortak satışı,18.71,105.0,2000.0,11350.0,13350.0,13350.0,60000.0,71350.0,1401750.0,392.99,Yıldız Pazar,Vakıf Yatırım Menkul Değerler A.Ş.,2024-09-05,METAL EŞYA MAKİNE ELEKTRİKLİ CİHAZLAR VE ULAŞIM ARAÇLARI
2024 / 9,CEMZY,CEM ZEYTİN A.Ş.,Sermaye artırımı,24.88,15.3,0.0,100000.0,100000.0,100000.0,302000.0,402000.0,1530000.0,2938.69,Yıldız Pazar,Bulls Yatırım Menkul Değerler A.Ş.,2024-09-09,"GIDA, İÇECEK VE TÜTÜN"
2024 / 9,DURKN,DURUKAN ŞEKERLEME SANAYİ VE TİCARET A.Ş.,Sermaye artırımı ve ortak satışı,32.08,17.0,10000.0,32500.0,42500.0,42500.0,100000.0,132500.0,722500.0,1248.92,Ana Pazar,Deniz Yatırım Menkul Kıymetler A.Ş.,2024-09-17,"GIDA, İÇECEK VE TÜTÜN"
2024 / 10,BINBN,BİN ULAŞIM VE AKILLI ŞEHİR TEKNOLOJİLERİ A.Ş.,Sermaye artırımı ve ortak satışı,15.18,91.85,5000.0,12000.0,17000.0,17000.0,100000.0,112000.0,1561450.0,496.25,Yıldız Pazar,Bulls Yatırım Menkul Değerler A.Ş.,2024-10-09,BİLİŞİM
2024 / 12,CGCAM,ÇAĞDAŞ CAM SANAYİ VE TİCARET A.Ş.,Sermaye artırımı ve ortak satışı,25.0,20.0,11000.0,31000.0,42000.0,42000.0,137000.0,168000.0,840000.0,1200.52,Ana Pazar,Deniz Yatırım Menkul Kıymetler A.Ş.,2024-12-17,TAŞ VE TOPRAĞA DAYALI
2024 / 12,SMRVA,SÜMER VARLIK YÖNETİM A.Ş.,Sermaye artırımı ve ortak satışı,23.73,22.0,10000.0,18000.0,28000.0,28000.0,1309000.0,1327000.0,616000.0,799.64,Ana Pazar,Şeker Yatırım Menkul Değerler A.Ş.,2024-12-18,VARLIK YÖNETİM ŞİRKETLERİ
2025 / 1,ARMGD,ARMADA GIDA TİCARET SANAYİ A.Ş.,Sermaye artırımı ve ortak satışı,20.83,40.0,10999.0,43996.0,54996.0,54996.0,219984.0,263980.84,2199840.0,1556.43,Yıldız Pazar,Global Menkul Değerler A.Ş.,2025-01-03,"GIDA, İÇECEK VE TÜTÜN"
2025 / 1,EGEGY,EGEYAPI AVRUPA GAYRİMENKUL YATIRIM ORTAKLIĞI A.Ş.,Sermaye artırımı ve ortak satışı,30.6,15.0,19000.0,42200.0,61200.0,61200.0,157800.0,200000.0,918000.0,1724.28,Ana Pazar,Halk Yatırım Menkul Değerler A.Ş.,2025-01-14,GAYRİMENKUL YATIRIM ORTAKLIKLARI
2025 / 1,GLRMK,GÜLERMAK AĞIR SANAYİ İNŞAAT VE TAAHHÜT A.Ş.,Sermaye artırımı ve ortak satışı,12.01,125.0,16160.0,22600.0,38760.0,38760.0,300000.0,322600.0,4845000.0,1092.58,Yıldız Pazar,QNB Yatırım Menkul Değerler A.Ş.,2025-01-17,İNŞAAT VE BAYINDIRLIK İŞLERİ
2025 / 1,AKFIS,AKFEN İNŞAAT TURİZM VE TİCARET A.Ş.,Sermaye artırımı,10.5,38.7,0.0,66841.0,66841.0,66841.0,869742.75,936584.08,2586759.39,1874.63,Yıldız Pazar,"""Tera Yatırım Menkul Değerler A.Ş. Vakıf Yatırım Menkul Değerler A.Ş. """,2025-01-23,İNŞAAT VE BAYINDIRLIK İŞLERİ
2025 / 1,MOPAS,MOPAŞ MARKETÇİLİK GIDA SANAYİ VE TİCARET A.Ş.,Sermaye artırımı ve ortak satışı,20.96,35.0,14330.0,43000.0,57330.0,57330.0,230000.0,273000.0,2006550.0,1602.69,Yıldız Pazar,İnfo Yatırım Menkul Değerler A.Ş.,2025-01-29,PERAKENDE TİCARET
2025 / 2,SERNT,SERANİT GRANİT SERAMİK SANAYİ VE TİCARET A.Ş.,Sermaye artırımı,27.36,12.0,0.0,113000.0,113000.0,113000.0,300000.0,413000.0,1356000.0,3140.54,Ana Pazar,Halk Yatırım Menkul Değerler A.Ş.,2025-02-04,TAŞ VE TOPRAĞA DAYALI
2025 / 2,BIGEN,BİRLEŞİM GRUP ENERJİ YATIRIMLARI A.Ş.,Sermaye artırımı ve ortak satışı,20.02,12.14,38500.0,77000.0,115500.0,115500.0,500000.0,577000.0,1402170.0,3214.32,Ana Pazar,İnfo Yatırım Menkul Değerler A.Ş.,2025-02-05,ELEKTRİK GAZ VE BUHAR
2025 / 2,DSTKF,DESTEK FİNANS FAKTORİNG A.Ş.,Sermaye artırımı,25.0,46.98,0.0,83333.0,83333.0,83333.0,250000.0,333333.33,3914999.98,2321.4,Yıldız Pazar,Tera Yatırım Menkul Değerler A.Ş.,2025-02-06,FİNANSAL KİRALAMA VE FAKTORİNG ŞİRKETLERİ
2025 / 2,VSNMD,VİŞNE MADENCİLİK ÜRETİM SANAYİ VE TİCARET A.Ş.,Sermaye artırımı ve ortak satışı,20.51,37.44,7000.0,17000.0,24000.0,24000.0,100000.0,117000.0,898560.0,666.22,Ana Pazar,Tera Yatırım Menkul Değerler A.Ş.,2025-02-11,DİĞER MADENCİLİK VE TAŞ OCAKÇILIĞI
2025 / 2,ENDAE,ENDA ENERJİ HOLDİNG A.Ş.,Sermaye artırımı,20.98,17.44,0.0,91719.0,91719.0,91719.0,345477.49,437197.17,1599591.29,2540.0,Ana Pazar,Tacirler Yatırım Menkul Değerler A.Ş.,2025-02-13,ELEKTRİK GAZ VE BUHAR
2025 / 2,KLYPV,KALYON GÜNEŞ TEKNOLOJİLERİ ÜRETİM A.Ş.,Sermaye artırımı ve ortak satış,11.26,70.3,10193.0,36141.0,46334.0,46334.0,375300.0,411441.02,3257325.12,1283.14,Yıldız Pazar,"""İş Yatırım Menkul Değerler A.Ş. Türkiye Kalkınma ve Yatırım Bankası A.Ş.""",2025-02-13,ELEKTRİK GAZ VE BUHAR
2025 / 2,BALSU,BALSU GIDA SANAYİ VE TİCARET A.Ş.,Sermaye artırımı ve ortak satış,25.0,17.57,166000.0,112000.0,278000.0,278000.0,1000000.0,1112000.0,4884460.0,7655.77,Yıldız Pazar,"""Ziraat Yatırım Menkul Değerler A.Ş. İnfo Yatırım Menkul Değerler A.Ş.""",2025-02-20,"GIDA, İÇECEK VE TÜTÜN"
2025 / 2,BULGS,BULLS GİRİŞİM SERMAYESİ YATIRIM ORTAKLIĞI A.Ş.,Sermaye artırımı ve ortak satış,27.05,12.18,4500.0,68000.0,72500.0,72500.0,200000.0,268000.0,883050.0,1993.32,Ana Pazar,Bulls Yatırım Menkul Değerler A.Ş.,2025-02-21,GİRİŞİM SERMAYESİ YATIRIM ORTAKLIKLARI
2025 / 9,DOFRB,DOF ROBOTİK SANAYİ A.Ş.,Sermaye artırımı ve ortak satış,29.03,45.0,15000.0,30000.0,45000.0,45000.0,125000.0,155000.0,2025000.0,1089.97,Yıldız Pazar,Yatırım Finansman Menkul Değerler A.Ş.,2025-09-11,BİLİŞİM
2025 / 11,ECOGR,ECOGREEN ENERJİ HOLDİNG A.Ş.,Sermaye Artırımı,20.37,10.4,0.0,110000.0,110000.0,110000.0,430000.0,540000.0,1144000.0,2615.89,Ana Pazar,Gedik Yatırım Menkul Değerler A.Ş.,2025-11-03,ELEKTRİK GAZ VE BUHAR
2025 / 11,VAKFA,VAKIF FAKTORİNG A.Ş.,Sermaye artırımı ve ortak satışı,25.0,14.2,175000.0,50000.0,225000.0,225000.0,1282000.0,1332000.0,3195000.0,0.0,Yıldız Pazar,Vakıf Yatırım Menkul Değerler A.Ş.,2025-11-20,FİNANSAL KİRALAMA VE FAKTORİNG ŞİRKETLERİ
2025 / 11,PAHOL,PASİFİK HOLDİNG A.Ş.,Sermaye artırımı ve ortak satışı,20.0,1.5,2000000.0,2000000.0,4000000.0,4000000.0,18000000.0,20000000.0,6000000.0,0.0,Yıldız Pazar,"""Halk Yatırım Menkul Değerler A.Ş. İntegral Yatırım Menkul Değerler A.Ş.""",2025-11-21,HOLDİNGLER VE YATIRIM ŞİRKETLERİ
2025 / 12,ZERGY,ZERAY GAYRİMENKUL YATIRIM ORTAKLIĞI A.Ş.,Sermaye artırımı ve ortak satışı,25.05,13.0,40800.0,116000.0,156800.0,156800.0,510000.0,626000.0,2038400.0,3669.09,Yıldız Pazar,"""Ziraat Yatırım Menkul Değerler A.Ş. İntegral Yatırım Menkul Değerler A.Ş.""",2025-12-18,GAYRİMENKUL YATIRIM ORTAKLIKLARI
